prec_no,block_no,name,kind,pref_name,total_hot_days,mean_hot_days,max_hot_days,years_with_data,coverage
83,47814,日田,s,大分県,353.0,35.3,62.0,10,1.0
52,1058,多治見,a,岐阜県,340.0,34.0,59.0,10,1.0
61,47759,京都,s,京都府,328.0,32.8,61.0,10,1.0
82,0790,久留米,a,福岡県,309.0,30.9,54.0,10,1.0
43,1232,鳩山,a,埼玉県,304.0,30.4,51.0,10,1.0
51,0464,豊田,a,愛知県,302.0,30.2,57.0,10,1.0
82,1141,太宰府,a,福岡県,301.0,30.1,62.0,10,1.0
42,0356,館林,a,群馬県,300.0,30.0,54.0,10,1.0
62,1065,枚方,a,大阪府,294.0,29.4,51.0,10,1.0
42,0351,桐生,a,群馬県,292.0,29.2,58.0,10,1.0
52,1057,美濃,a,岐阜県,291.0,29.1,57.0,10,1.0
43,47626,熊谷,s,埼玉県,289.0,28.9,53.0,10,1.0
41,1018,佐野,a,栃木県,286.0,28.6,49.0,10,1.0
49,0433,勝沼,a,山梨県,285.0,28.5,50.0,10,1.0
63,0968,福崎,a,兵庫県,285.0,28.5,56.0,10,1.0
49,47638,甲府,s,山梨県,281.0,28.1,59.0,10,1.0
61,0598,京田辺,a,京都府,281.0,28.1,60.0,10,1.0
42,1021,伊勢崎,a,群馬県,280.0,28.0,51.0,10,1.0
52,1301,揖斐川,a,岐阜県,276.0,27.6,53.0,10,1.0
61,0593,福知山,a,京都府,276.0,27.6,58.0,10,1.0
52,0496,大垣,a,岐阜県,268.0,26.8,58.0,10,1.0
62,0602,豊中,a,大阪府,268.0,26.8,47.0,10,1.0
52,47632,岐阜,s,岐阜県,266.0,26.6,51.0,10,1.0
52,0491,美濃加茂,a,岐阜県,259.0,25.9,51.0,10,1.0
67,0951,府中,a,広島県,257.0,25.7,57.0,10,1.0
66,0930,高梁,a,岡山県,256.0,25.6,56.0,10,1.0
63,47747,豊岡,s,兵庫県,253.0,25.3,44.0,10,1.0
62,47772,大阪,s,大阪府,251.0,25.1,45.0,10,1.0
86,47819,熊本,s,熊本県,248.0,24.8,51.0,10,1.0
85,47813,佐賀,s,佐賀県,248.0,24.8,47.0,10,1.0
64,47780,奈良,s,奈良県,247.0,24.7,51.0,10,1.0
51,47636,名古屋,s,愛知県,247.0,24.7,52.0,10,1.0
72,47891,高松,s,香川県,245.0,24.5,48.0,10,1.0
66,47768,岡山,s,岡山県,244.0,24.4,48.0,10,1.0
74,1235,江川崎,a,高知県,242.0,24.2,50.0,10,1.0
42,47624,前橋,s,群馬県,238.0,23.8,53.0,10,1.0
40,0320,古河,a,茨城県,237.0,23.7,51.0,10,1.0
72,0729,滝宮,a,香川県,233.0,23.3,54.0,10,1.0
62,1470,八尾,a,大阪府,232.0,23.2,51.0,10,1.0
81,47784,山口,s,山口県,231.0,23.1,50.0,10,1.0
43,0359,久喜,a,埼玉県,231.0,23.1,50.0,10,1.0
86,0834,岱明,a,熊本県,229.0,22.9,46.0,10,1.0
67,0677,加計,a,広島県,227.0,22.7,50.0,10,1.0
82,0788,朝倉,a,福岡県,227.0,22.7,49.0,10,1.0
62,1062,堺,a,大阪府,224.0,22.4,42.0,10,1.0
68,0707,津和野,a,島根県,224.0,22.4,47.0,10,1.0
43,1009,寄居,a,埼玉県,224.0,22.4,45.0,10,1.0
73,0959,大洲,a,愛媛県,223.0,22.3,36.0,10,1.0
72,1239,財田,a,香川県,223.0,22.3,47.0,10,1.0
43,0364,越谷,a,埼玉県,222.0,22.2,44.0,10,1.0
69,47746,鳥取,s,鳥取県,221.0,22.1,39.0,10,1.0
51,1638,大府,a,愛知県,220.0,22.0,43.0,10,1.0
81,0771,広瀬,a,山口県,220.0,22.0,48.0,10,1.0
86,0842,甲佐,a,熊本県,219.0,21.9,53.0,10,1.0
43,0363,さいたま,a,埼玉県,218.0,21.8,45.0,10,1.0
86,0835,菊池,a,熊本県,213.0,21.3,43.0,10,1.0
51,1346,愛西,a,愛知県,211.0,21.1,45.0,10,1.0
44,1002,練馬,a,東京都,211.0,21.1,48.0,10,1.0
60,0586,大津,a,滋賀県,210.0,21.0,46.0,10,1.0
61,47750,舞鶴,s,京都府,204.0,20.4,42.0,10,1.0
83,0805,犬飼,a,大分県,204.0,20.4,45.0,10,1.0
84,0962,島原,a,長崎県,204.0,20.4,50.0,10,1.0
44,1001,青梅,a,東京都,202.0,20.2,45.0,10,1.0
53,47649,上野,s,三重県,202.0,20.2,48.0,10,1.0
63,0956,西脇,a,兵庫県,201.0,20.1,45.0,10,1.0
60,0963,東近江,a,滋賀県,200.0,20.0,47.0,10,1.0
61,0596,園部,a,京都府,199.0,19.9,42.0,10,1.0
66,0656,久世,a,岡山県,197.0,19.7,45.0,10,1.0
53,0500,桑名,a,三重県,194.0,19.4,43.0,10,1.0
85,0829,白石,a,佐賀県,193.0,19.3,41.0,10,1.0
71,0972,穴吹,a,徳島県,191.0,19.1,49.0,10,1.0
63,0612,和田山,a,兵庫県,190.0,19.0,48.0,10,1.0
57,0579,小浜,a,福井県,189.0,18.9,43.0,10,1.0
69,47744,米子,s,鳥取県,188.0,18.8,33.0,10,1.0
48,1323,南信濃,a,長野県,187.0,18.7,36.0,10,1.0
67,0674,三次,a,広島県,187.0,18.7,42.0,10,1.0
63,0970,郡家,a,兵庫県,187.0,18.7,48.0,10,1.0
41,0341,小山,a,栃木県,186.0,18.6,38.0,10,1.0
50,0986,佐久間,a,静岡県,185.0,18.5,41.0,10,1.0
65,1342,かつらぎ,a,和歌山県,185.0,18.5,45.0,10,1.0
67,0688,大竹,a,広島県,185.0,18.5,47.0,10,1.0
82,47807,福岡,s,福岡県,184.0,18.4,39.0,10,1.0
82,0792,黒木,a,福岡県,183.0,18.3,43.0,10,1.0
44,0366,八王子,a,東京都,183.0,18.3,46.0,10,1.0
40,0316,大子,a,茨城県,181.0,18.1,42.0,10,1.0
52,0487,金山,a,岐阜県,180.0,18.0,41.0,10,1.0
43,47641,秩父,s,埼玉県,179.0,17.9,39.0,10,1.0
57,47616,福井,s,福井県,176.0,17.6,37.0,10,1.0
45,1238,牛久,a,千葉県,173.0,17.3,40.0,10,1.0
52,0485,八幡,a,岐阜県,172.0,17.2,36.0,10,1.0
55,1533,秋ヶ島,a,富山県,172.0,17.2,37.0,10,1.0
86,1081,三角,a,熊本県,171.0,17.1,43.0,10,1.0
66,0663,福渡,a,岡山県,171.0,17.1,46.0,10,1.0
85,0830,嬉野,a,佐賀県,170.0,17.0,39.0,10,1.0
81,0913,玖珂,a,山口県,169.0,16.9,42.0,10,1.0
63,0614,柏原,a,兵庫県,169.0,16.9,36.0,10,1.0
67,47767,福山,s,広島県,169.0,16.9,31.0,10,1.0
64,0635,五條,a,奈良県,169.0,16.9,38.0,10,1.0
43,1070,所沢,a,埼玉県,168.0,16.8,41.0,10,1.0
36,0281,梁川,a,福島県,167.0,16.7,33.0,10,1.0
40,1530,下館,a,茨城県,166.0,16.6,47.0,10,1.0
51,0467,岡崎,a,愛知県,166.0,16.6,40.0,10,1.0
36,47595,福島,s,福島県,165.0,16.5,34.0,10,1.0
67,47765,広島,s,広島県,165.0,16.5,45.0,10,1.0
53,0510,粥見,a,三重県,165.0,16.5,39.0,10,1.0
44,1133,府中,a,東京都,164.0,16.4,45.0,10,1.0
66,0919,笠岡,a,岡山県,160.0,16.0,30.0,10,1.0
42,0353,上里見,a,群馬県,160.0,16.0,37.0,10,1.0
86,0846,八代,a,熊本県,159.0,15.9,41.0,10,1.0
36,47570,若松,s,福島県,159.0,15.9,34.0,10,1.0
55,47607,富山,s,富山県,156.0,15.6,30.0,10,1.0
48,0402,上田,a,長野県,155.0,15.5,42.0,10,1.0
52,0495,関ケ原,a,岐阜県,155.0,15.5,42.0,10,1.0
41,0338,真岡,a,栃木県,153.0,15.3,30.0,10,1.0
52,0493,恵那,a,岐阜県,152.0,15.2,36.0,10,1.0
49,0434,大月,a,山梨県,150.0,15.0,33.0,10,1.0
82,1477,博多,a,福岡県,148.0,14.8,39.0,10,1.0
82,47809,飯塚,s,福岡県,148.0,14.8,34.0,10,1.0
82,0793,大牟田,a,福岡県,148.0,14.8,39.0,10,1.0
50,0451,天竜,a,静岡県,147.0,14.7,35.0,10,1.0
74,0763,中村,a,高知県,147.0,14.7,40.0,10,1.0
72,47890,多度津,s,香川県,146.0,14.6,34.0,10,1.0
68,0701,川本,a,島根県,146.0,14.6,31.0,10,1.0
82,1046,添田,a,福岡県,146.0,14.6,36.0,10,1.0
45,0381,茂原,a,千葉県,144.0,14.4,28.0,10,1.0
49,1234,切石,a,山梨県,141.0,14.1,31.0,10,1.0
54,0521,新津,a,新潟県,140.0,14.0,37.0,10,1.0
52,0494,中津川,a,岐阜県,139.0,13.9,29.0,10,1.0
81,0940,岩国,a,山口県,138.0,13.8,36.0,10,1.0
61,0589,宮津,a,京都府,136.0,13.6,24.0,10,1.0
69,47742,境,s,鳥取県,136.0,13.6,26.0,10,1.0
86,0845,本渡,a,熊本県,135.0,13.5,41.0,10,1.0
60,47761,彦根,s,滋賀県,135.0,13.5,27.0,10,1.0
86,47824,人吉,s,熊本県,135.0,13.5,42.0,10,1.0
40,0324,土浦,a,茨城県,134.0,13.4,31.0,10,1.0
86,0832,鹿北,a,熊本県,134.0,13.4,41.0,10,1.0
87,0860,加久藤,a,宮崎県,134.0,13.4,36.0,10,1.0
66,47756,津山,s,岡山県,133.0,13.3,34.0,10,1.0
87,1353,神門,a,宮崎県,132.0,13.2,42.0,10,1.0
84,1084,大村,a,長崎県,132.0,13.2,32.0,10,1.0
67,0950,三入,a,広島県,131.0,13.1,36.0,10,1.0
86,0926,上,a,熊本県,131.0,13.1,41.0,10,1.0
44,47662,東京,s,東京都,130.0,13.0,29.0,10,1.0
36,0307,石川,a,福島県,129.0,12.9,26.0,10,1.0
67,0675,庄原,a,広島県,129.0,12.9,30.0,10,1.0
54,0534,小出,a,新潟県,129.0,12.9,33.0,10,1.0
53,0509,小俣,a,三重県,128.0,12.8,37.0,10,1.0
41,47615,宇都宮,s,栃木県,128.0,12.8,29.0,10,1.0
40,0318,笠間,a,茨城県,126.0,12.6,29.0,10,1.0
52,0483,萩原,a,岐阜県,125.0,12.5,30.0,10,1.0
63,47769,姫路,s,兵庫県,124.0,12.4,26.0,10,1.0
63,0619,上郡,a,兵庫県,123.0,12.3,32.0,10,1.0
49,1024,韮崎,a,山梨県,123.0,12.3,42.0,10,1.0
48,47610,長野,s,長野県,123.0,12.3,28.0,10,1.0
48,47637,飯田,s,長野県,123.0,12.3,23.0,10,1.0
84,0922,口之津,a,長崎県,122.0,12.2,37.0,10,1.0
88,0878,さつま柏原,a,鹿児島県,122.0,12.2,35.0,10,1.0
82,0785,前原,a,福岡県,121.0,12.1,29.0,10,1.0
63,0969,三田,a,兵庫県,121.0,12.1,25.0,10,1.0
57,1537,春江,a,福井県,120.0,12.0,25.0,10,1.0
83,0795,豊後高田,a,大分県,120.0,12.0,26.0,10,1.0
57,1010,美浜,a,福井県,120.0,12.0,20.0,10,1.0
66,0669,倉敷,a,岡山県,119.0,11.9,34.0,10,1.0
68,47741,松江,s,島根県,119.0,11.9,25.0,10,1.0
50,0445,川根本町,a,静岡県,118.0,11.8,28.0,10,1.0
54,0529,長岡,a,新潟県,118.0,11.8,34.0,10,1.0
63,0613,生野,a,兵庫県,118.0,11.8,20.0,10,1.0
45,0916,佐倉,a,千葉県,118.0,11.8,31.0,10,1.0
64,1228,風屋,a,奈良県,118.0,11.8,31.0,10,1.0
73,47887,松山,s,愛媛県,116.0,11.6,33.0,10,1.0
74,0746,本山,a,高知県,116.0,11.6,35.0,10,1.0
88,0875,大口,a,鹿児島県,115.0,11.5,33.0,10,1.0
64,0957,上北山,a,奈良県,115.0,11.5,32.0,10,1.0
35,47588,山形,s,山形県,114.0,11.4,28.0,10,1.0
72,0730,引田,a,香川県,111.0,11.1,30.0,10,1.0
49,0439,南部,a,山梨県,111.0,11.1,26.0,10,1.0
88,1181,肝付前田,a,鹿児島県,110.0,11.0,33.0,10,1.0
74,1229,大栃,a,高知県,110.0,11.0,33.0,10,1.0
42,0354,西野牧,a,群馬県,110.0,11.0,30.0,10,1.0
54,0525,三条,a,新潟県,110.0,11.0,31.0,10,1.0
65,47777,和歌山,s,和歌山県,110.0,11.0,23.0,10,1.0
66,0664,和気,a,岡山県,109.0,10.9,25.0,10,1.0
69,0718,智頭,a,鳥取県,109.0,10.9,29.0,10,1.0
63,47776,洲本,s,兵庫県,109.0,10.9,31.0,10,1.0
88,47827,鹿児島,s,鹿児島県,109.0,10.9,40.0,10,1.0
36,0286,喜多方,a,福島県,108.0,10.8,25.0,10,1.0
73,0735,四国中央,a,愛媛県,108.0,10.8,25.0,10,1.0
63,0615,一宮,a,兵庫県,108.0,10.8,19.0,10,1.0
86,0924,水俣,a,熊本県,108.0,10.8,34.0,10,1.0
46,0388,海老名,a,神奈川県,107.0,10.7,28.0,10,1.0
51,1344,蒲郡,a,愛知県,107.0,10.7,25.0,10,1.0
45,0376,我孫子,a,千葉県,106.0,10.6,31.0,10,1.0
71,1352,木頭,a,徳島県,105.0,10.5,34.0,10,1.0
48,1445,伊那,a,長野県,105.0,10.5,19.0,10,1.0
57,47631,敦賀,s,福井県,104.0,10.4,19.0,10,1.0
52,47617,高山,s,岐阜県,104.0,10.4,21.0,10,1.0
40,1245,鉾田,a,茨城県,104.0,10.4,29.0,10,1.0
71,0720,池田,a,徳島県,103.0,10.3,30.0,10,1.0
88,0890,喜入,a,鹿児島県,103.0,10.3,33.0,10,1.0
42,0346,沼田,a,群馬県,102.0,10.2,28.0,10,1.0
48,47618,松本,s,長野県,102.0,10.2,19.0,10,1.0
53,0503,亀山,a,三重県,101.0,10.1,25.0,10,1.0
54,47612,高田,s,新潟県,101.0,10.1,28.0,10,1.0
61,1303,美山,a,京都府,101.0,10.1,26.0,10,1.0
84,47812,佐世保,s,長崎県,100.0,10.0,28.0,10,1.0
66,0670,玉野,a,岡山県,100.0,10.0,27.0,10,1.0
41,0331,大田原,a,栃木県,97.0,9.7,23.0,10,1.0
48,0404,穂高,a,長野県,97.0,9.7,22.0,10,1.0
40,1014,龍ケ崎,a,茨城県,97.0,9.7,31.0,10,1.0
40,47646,つくば（館野）,s,茨城県,97.0,9.7,22.0,10,1.0
36,0291,二本松,a,福島県,97.0,9.7,24.0,10,1.0
55,47606,伏木,s,富山県,97.0,9.7,24.0,10,1.0
68,1310,出雲,a,島根県,96.0,9.6,16.0,10,1.0
83,47815,大分,s,大分県,95.0,9.5,33.0,10,1.0
71,47895,徳島,s,徳島県,94.0,9.4,23.0,10,1.0
51,1541,新城,a,愛知県,94.0,9.4,32.0,10,1.0
45,1236,船橋,a,千葉県,94.0,9.4,22.0,10,1.0
63,47770,神戸,s,兵庫県,94.0,9.4,19.0,10,1.0
87,47829,都城,s,宮崎県,93.0,9.3,24.0,10,1.0
85,1480,川副,a,佐賀県,92.0,9.2,22.0,10,1.0
50,47654,浜松,s,静岡県,91.0,9.1,25.0,10,1.0
83,1137,国見,a,大分県,91.0,9.1,17.0,10,1.0
73,0732,大三島,a,愛媛県,90.0,9.0,26.0,10,1.0
46,1008,小田原,a,神奈川県,90.0,9.0,24.0,10,1.0
66,1140,奈義,a,岡山県,90.0,9.0,33.0,10,1.0
87,1345,西米良,a,宮崎県,90.0,9.0,27.0,10,1.0
65,0649,新宮,a,和歌山県,89.0,8.9,23.0,10,1.0
68,0704,益田,a,島根県,89.0,8.9,18.0,10,1.0
56,1324,小松,a,石川県,89.0,8.9,24.0,10,1.0
53,1230,鳥羽,a,三重県,89.0,8.9,32.0,10,1.0
53,47684,四日市,s,三重県,89.0,8.9,27.0,10,1.0
87,0861,西都,a,宮崎県,89.0,8.9,32.0,10,1.0
86,47838,牛深,s,熊本県,88.0,8.8,32.0,10,1.0
81,47754,萩,s,山口県,88.0,8.8,17.0,10,1.0
68,0697,大田,a,島根県,88.0,8.8,15.0,10,1.0
86,0843,松島,a,熊本県,88.0,8.8,24.0,10,1.0
88,0880,川内,a,鹿児島県,87.0,8.7,34.0,10,1.0
41,0335,鹿沼,a,栃木県,87.0,8.7,23.0,10,1.0
82,0782,行橋,a,福岡県,86.0,8.6,26.0,10,1.0
85,1075,伊万里,a,佐賀県,86.0,8.6,17.0,10,1.0
81,0775,防府,a,山口県,85.0,8.5,20.0,10,1.0
73,0958,西条,a,愛媛県,84.0,8.4,22.0,10,1.0
53,47651,津,s,三重県,84.0,8.4,22.0,10,1.0
73,0734,新居浜,a,愛媛県,84.0,8.4,26.0,10,1.0
40,1331,常陸大宮,a,茨城県,83.0,8.3,23.0,10,1.0
65,1457,友ケ島,a,和歌山県,82.0,8.2,22.0,10,1.0
42,1020,中之条,a,群馬県,82.0,8.2,25.0,10,1.0
56,47605,金沢,s,石川県,82.0,8.2,20.0,10,1.0
83,0931,院内,a,大分県,82.0,8.2,25.0,10,1.0
73,0961,宇和,a,愛媛県,82.0,8.2,24.0,10,1.0
67,0687,生口島,a,広島県,82.0,8.2,14.0,10,1.0
51,0984,南知多,a,愛知県,82.0,8.2,29.0,10,1.0
83,1142,宇目,a,大分県,81.0,8.1,36.0,10,1.0
35,0279,米沢,a,山形県,81.0,8.1,23.0,10,1.0
35,1132,高畠,a,山形県,81.0,8.1,19.0,10,1.0
40,47629,水戸,s,茨城県,80.0,8.0,19.0,10,1.0
51,47653,伊良湖,s,愛知県,80.0,8.0,26.0,10,1.0
83,0806,竹田,a,大分県,80.0,8.0,22.0,10,1.0
56,0565,七尾,a,石川県,80.0,8.0,27.0,10,1.0
55,0555,八尾,a,富山県,79.0,7.9,22.0,10,1.0
32,0198,横手,a,秋田県,79.0,7.9,26.0,10,1.0
49,0436,古関,a,山梨県,78.0,7.8,19.0,10,1.0
40,0322,下妻,a,茨城県,77.0,7.7,24.0,10,1.0
87,0863,小林,a,宮崎県,77.0,7.7,24.0,10,1.0
60,0976,長浜,a,滋賀県,77.0,7.7,15.0,10,1.0
35,1488,東根,a,山形県,77.0,7.7,24.0,10,1.0
62,0600,能勢,a,大阪府,77.0,7.7,18.0,10,1.0
68,0694,斐川,a,島根県,77.0,7.7,16.0,10,1.0
54,1318,中条,a,新潟県,77.0,7.7,15.0,10,1.0
82,0780,八幡,a,福岡県,76.0,7.6,23.0,10,1.0
81,0776,下松,a,山口県,76.0,7.6,26.0,10,1.0
68,1094,瑞穂,a,島根県,76.0,7.6,20.0,10,1.0
83,0794,中津,a,大分県,75.0,7.5,25.0,10,1.0
57,1316,越廼,a,福井県,75.0,7.5,15.0,10,1.0
48,0408,佐久,a,長野県,75.0,7.5,16.0,10,1.0
50,47657,三島,s,静岡県,74.0,7.4,22.0,10,1.0
48,0400,信州新町,a,長野県,74.0,7.4,16.0,10,1.0
60,1083,南小松,a,滋賀県,74.0,7.4,19.0,10,1.0
50,47656,静岡,s,静岡県,73.0,7.3,23.0,10,1.0
72,0726,内海,a,香川県,73.0,7.3,17.0,10,1.0
83,0932,玖珠,a,大分県,73.0,7.3,27.0,10,1.0
66,0655,今岡,a,岡山県,72.0,7.2,19.0,10,1.0
73,1077,今治,a,愛媛県,72.0,7.2,32.0,10,1.0
85,1610,唐津,a,佐賀県,72.0,7.2,23.0,10,1.0
73,1350,近永,a,愛媛県,71.0,7.1,25.0,10,1.0
73,0745,御荘,a,愛媛県,71.0,7.1,22.0,10,1.0
33,0238,一関,a,岩手県,70.0,7.0,21.0,10,1.0
53,47663,尾鷲,s,三重県,70.0,7.0,16.0,10,1.0
86,0923,益城,a,熊本県,70.0,7.0,22.0,10,1.0
48,0395,飯山,a,長野県,69.0,6.9,19.0,10,1.0
32,0912,大館,a,秋田県,69.0,6.9,19.0,10,1.0
54,0527,津川,a,新潟県,69.0,6.9,26.0,10,1.0
41,1605,那須烏山,a,栃木県,68.0,6.8,20.0,10,1.0
57,0577,今庄,a,福井県,68.0,6.8,17.0,10,1.0
69,0711,岩井,a,鳥取県,67.0,6.7,13.0,10,1.0
65,0971,栗栖川,a,和歌山県,67.0,6.7,27.0,10,1.0
60,0587,土山,a,滋賀県,67.0,6.7,22.0,10,1.0
46,47670,横浜,s,神奈川県,67.0,6.7,22.0,10,1.0
69,0709,青谷,a,鳥取県,67.0,6.7,14.0,10,1.0
53,1349,紀伊長島,a,三重県,65.0,6.5,22.0,10,1.0
52,1066,宮地,a,岐阜県,65.0,6.5,17.0,10,1.0
57,1071,三国,a,福井県,65.0,6.5,19.0,10,1.0
52,0473,神岡,a,岐阜県,64.0,6.4,18.0,10,1.0
68,0698,掛合,a,島根県,64.0,6.4,11.0,10,1.0
54,47604,新潟,s,新潟県,63.0,6.3,20.0,10,1.0
52,0486,樽見,a,岐阜県,63.0,6.3,18.0,10,1.0
33,0236,江刺,a,岩手県,63.0,6.3,20.0,10,1.0
87,47830,宮崎,s,宮崎県,63.0,6.3,18.0,10,1.0
54,0524,寺泊,a,新潟県,63.0,6.3,25.0,10,1.0
54,0515,村上,a,新潟県,62.0,6.2,20.0,10,1.0
65,1485,川辺,a,和歌山県,62.0,6.2,18.0,10,1.0
84,47817,長崎,s,長崎県,61.0,6.1,11.0,10,1.0
87,0857,日向,a,宮崎県,61.0,6.1,28.0,10,1.0
72,1475,香南,a,香川県,61.0,6.1,14.0,10,1.0
82,0943,宗像,a,福岡県,61.0,6.1,16.0,10,1.0
88,0893,指宿,a,鹿児島県,60.0,6.0,32.0,10,1.0
34,1220,丸森,a,宮城県,60.0,6.0,16.0,10,1.0
55,1309,氷見,a,富山県,60.0,6.0,20.0,10,1.0
66,0668,虫明,a,岡山県,60.0,6.0,12.0,10,1.0
69,1519,湖山,a,鳥取県,59.0,5.9,12.0,10,1.0
32,0193,角館,a,秋田県,59.0,5.9,18.0,10,1.0
66,1531,日応寺,a,岡山県,59.0,5.9,16.0,10,1.0
88,0937,鹿屋,a,鹿児島県,58.0,5.8,29.0,10,1.0
57,0573,大野,a,福井県,58.0,5.8,12.0,10,1.0
33,0233,釜石,a,岩手県,57.0,5.7,15.0,10,1.0
35,47520,新庄,s,山形県,56.0,5.6,17.0,10,1.0
73,47892,宇和島,s,愛媛県,56.0,5.6,23.0,10,1.0
65,1347,西川,a,和歌山県,56.0,5.6,19.0,10,1.0
67,1326,廿日市津田,a,広島県,55.0,5.5,16.0,10,1.0
57,1226,勝山,a,福井県,55.0,5.5,11.0,10,1.0
42,1223,神流,a,群馬県,54.0,5.4,13.0,10,1.0
34,1564,蔵王,a,宮城県,54.0,5.4,16.0,10,1.0
45,0382,木更津,a,千葉県,54.0,5.4,19.0,10,1.0
45,0384,鴨川,a,千葉県,54.0,5.4,17.0,10,1.0
45,0378,成田,a,千葉県,53.0,5.3,11.0,10,1.0
74,47893,高知,s,高知県,53.0,5.3,19.0,10,1.0
35,0263,鶴岡,a,山形県,53.0,5.3,19.0,10,1.0
62,0606,熊取,a,大阪府,52.0,5.2,14.0,10,1.0
55,0552,砺波,a,富山県,52.0,5.2,11.0,10,1.0
54,0996,羽茂,a,新潟県,52.0,5.2,15.0,10,1.0
87,1481,赤江,a,宮崎県,52.0,5.2,13.0,10,1.0
54,0522,巻,a,新潟県,51.0,5.1,22.0,10,1.0
56,0571,加賀中津原,a,石川県,51.0,5.1,11.0,10,1.0
87,1663,田野,a,宮崎県,50.0,5.555555555555555,16.0,9,0.9
36,0295,浪江,a,福島県,50.0,5.0,11.0,10,1.0
60,1524,米原,a,滋賀県,50.0,5.0,15.0,10,1.0
44,0371,羽田,a,東京都,50.0,5.0,13.0,10,1.0
35,1539,村山,a,山形県,50.0,5.0,18.0,10,1.0
54,1060,下関,a,新潟県,49.0,4.9,17.0,10,1.0
32,0184,鷹巣,a,秋田県,49.0,4.9,16.0,10,1.0
55,0547,魚津,a,富山県,49.0,4.9,12.0,10,1.0
54,0997,守門,a,新潟県,48.0,4.8,14.0,10,1.0
67,47766,呉,s,広島県,48.0,4.8,14.0,10,1.0
40,0325,鹿嶋,a,茨城県,47.0,4.7,12.0,10,1.0
68,0699,横田,a,島根県,47.0,4.7,14.0,10,1.0
56,47600,輪島,s,石川県,46.0,4.6,12.0,10,1.0
45,0375,香取,a,千葉県,46.0,4.6,11.0,10,1.0
45,1003,横芝光,a,千葉県,46.0,4.6,10.0,10,1.0
61,0965,間人,a,京都府,46.0,4.6,11.0,10,1.0
55,0554,南砺高宮,a,富山県,45.0,4.5,12.0,10,1.0
60,0580,今津,a,滋賀県,45.0,4.5,9.0,10,1.0
32,1117,東由利,a,秋田県,45.0,4.5,14.0,10,1.0
35,47587,酒田,s,山形県,45.0,4.5,19.0,10,1.0
55,0546,朝日,a,富山県,44.0,4.4,13.0,10,1.0
52,1299,長滝,a,岐阜県,44.0,4.4,13.0,10,1.0
53,1258,南伊勢,a,三重県,44.0,4.4,16.0,10,1.0
68,1592,吉賀,a,島根県,43.0,4.3,8.0,10,1.0
69,0713,倉吉,a,鳥取県,43.0,4.3,11.0,10,1.0
68,0693,鹿島,a,島根県,43.0,4.3,8.0,10,1.0
56,0564,志賀,a,石川県,43.0,4.3,13.0,10,1.0
66,0658,新見,a,岡山県,42.0,4.2,11.0,10,1.0
50,1243,清水,a,静岡県,42.0,4.2,15.0,10,1.0
35,0277,小国,a,山形県,41.0,4.1,16.0,10,1.0
67,0681,世羅,a,広島県,41.0,4.1,14.0,10,1.0
81,0765,須佐,a,山口県,41.0,4.1,12.0,10,1.0
33,0230,北上,a,岩手県,41.0,4.1,13.0,10,1.0
36,0312,東白川,a,福島県,41.0,4.1,11.0,10,1.0
56,0560,珠洲,a,石川県,40.0,4.0,10.0,10,1.0
60,0964,信楽,a,滋賀県,40.0,4.0,15.0,10,1.0
81,0939,油谷,a,山口県,40.0,4.0,10.0,10,1.0
74,0758,窪川,a,高知県,40.0,4.0,18.0,10,1.0
71,0724,日和佐,a,徳島県,40.0,4.0,13.0,10,1.0
34,0248,大衡,a,宮城県,40.0,4.0,12.0,10,1.0
45,47682,千葉,s,千葉県,40.0,4.0,10.0,10,1.0
34,1029,米山,a,宮城県,40.0,4.0,16.0,10,1.0
35,0272,左沢,a,山形県,40.0,4.0,20.0,10,1.0
88,0887,加世田,a,鹿児島県,39.0,3.9,15.0,10,1.0
54,0536,安塚,a,新潟県,39.0,3.9,14.0,10,1.0
54,1302,大潟,a,新潟県,39.0,3.9,8.0,10,1.0
54,1469,松浜,a,新潟県,39.0,3.9,18.0,10,1.0
34,0256,白石,a,宮城県,39.0,3.9,17.0,10,1.0
65,1089,龍神,a,和歌山県,39.0,3.9,15.0,10,1.0
36,0304,小野新町,a,福島県,38.0,3.8,16.0,10,1.0
50,1601,静岡空港,a,静岡県,38.0,3.8,17.0,10,1.0
31,0179,三戸,a,青森県,38.0,3.8,16.0,10,1.0
63,0607,香住,a,兵庫県,38.0,3.8,7.0,10,1.0
74,0921,梼原,a,高知県,38.0,3.8,20.0,10,1.0
53,1532,熊野新鹿,a,三重県,37.0,3.7,10.0,10,1.0
48,1529,松本今井,a,長野県,37.0,3.7,12.0,10,1.0
74,1233,佐賀,a,高知県,37.0,3.7,13.0,10,1.0
34,47590,仙台,s,宮城県,37.0,3.7,15.0,10,1.0
45,1241,坂畑,a,千葉県,36.0,3.6,14.0,10,1.0
33,0218,岩泉,a,岩手県,36.0,3.6,15.0,10,1.0
33,1224,川井,a,岩手県,36.0,3.6,14.0,10,1.0
84,1672,西海,a,長崎県,36.0,7.2,16.0,5,0.5
69,1231,塩津,a,鳥取県,36.0,3.6,10.0,10,1.0
87,0852,高千穂,a,宮崎県,35.0,3.5,17.0,10,1.0
48,1319,辰野,a,長野県,35.0,3.5,9.0,10,1.0
54,0539,糸魚川,a,新潟県,35.0,3.5,6.0,10,1.0
63,1587,神戸空港,a,兵庫県,35.0,3.5,8.0,10,1.0
32,47582,秋田,s,秋田県,35.0,3.5,13.0,10,1.0
81,0767,徳佐,a,山口県,34.0,3.4,11.0,10,1.0
32,0195,大曲,a,秋田県,34.0,3.4,14.0,10,1.0
54,0537,十日町,a,新潟県,34.0,3.4,14.0,10,1.0
32,0188,五城目,a,秋田県,34.0,3.4,16.0,10,1.0
67,0683,東広島,a,広島県,34.0,3.4,7.0,10,1.0
34,0244,築館,a,宮城県,34.0,3.4,11.0,10,1.0
36,1031,西会津,a,福島県,34.0,3.4,12.0,10,1.0
36,0285,相馬,a,福島県,34.0,3.4,8.0,10,1.0
54,0532,柏崎,a,新潟県,34.0,3.4,8.0,10,1.0
87,47822,延岡,s,宮崎県,33.0,3.3,14.0,10,1.0
56,0566,羽咋,a,石川県,33.0,3.3,10.0,10,1.0
35,0278,高峰,a,山形県,33.0,3.3,13.0,10,1.0
83,0808,佐伯,a,大分県,33.0,3.3,15.0,10,1.0
88,0883,東市来,a,鹿児島県,33.0,3.3,11.0,10,1.0
62,1471,関空島,a,大阪府,33.0,3.3,9.0,10,1.0
84,0814,松浦,a,長崎県,32.0,3.2,12.0,10,1.0
65,1063,清水,a,和歌山県,32.0,3.2,10.0,10,1.0
35,0262,金山,a,山形県,31.0,3.1,10.0,10,1.0
82,1590,空港北町,a,福岡県,30.0,3.0,13.0,10,1.0
81,0778,宇部,a,山口県,30.0,3.0,11.0,10,1.0
35,1465,浜中,a,山形県,30.0,3.0,13.0,10,1.0
20,0109,足寄,a,十勝地方,30.0,3.0,7.0,10,1.0
88,0895,内之浦,a,鹿児島県,29.0,2.9,8.0,10,1.0
83,1237,杵築,a,大分県,29.0,2.9,7.0,10,1.0
31,0166,弘前,a,青森県,29.0,2.9,12.0,10,1.0
54,0544,湯沢,a,新潟県,29.0,2.9,9.0,10,1.0
33,0239,千厩,a,岩手県,29.0,2.9,9.0,10,1.0
35,0275,長井,a,山形県,28.0,2.8,12.0,10,1.0
32,0196,本荘,a,秋田県,28.0,2.8,11.0,10,1.0
33,47584,盛岡,s,岩手県,28.0,2.8,9.0,10,1.0
88,0936,志布志,a,鹿児島県,28.0,2.8,10.0,10,1.0
48,0417,木曽福島,a,長野県,28.0,2.8,8.0,10,1.0
73,0741,久万,a,愛媛県,28.0,2.8,10.0,10,1.0
36,0299,郡山,a,福島県,28.0,2.8,7.0,10,1.0
17,0074,北見,a,網走・北見・紋別地方,28.0,2.8,8.0,10,1.0
81,0942,柳井,a,山口県,28.0,2.8,15.0,10,1.0
64,0633,大宇陀,a,奈良県,28.0,2.8,6.0,10,1.0
36,1607,山田,a,福島県,27.0,2.7,10.0,10,1.0
68,1474,高津,a,島根県,27.0,2.7,8.0,10,1.0
33,1206,住田,a,岩手県,27.0,2.7,12.0,10,1.0
63,1227,三木,a,兵庫県,27.0,2.7,9.0,10,1.0
84,1138,有川,a,長崎県,27.0,2.7,12.0,10,1.0
34,0246,志津川,a,宮城県,27.0,2.7,14.0,10,1.0
67,1606,呉市蒲刈,a,広島県,27.0,2.7,11.0,10,1.0
33,0228,大迫,a,岩手県,27.0,2.7,8.0,10,1.0
71,1604,海陽,a,徳島県,27.0,2.7,6.0,10,1.0
67,0676,大朝,a,広島県,26.0,2.6,7.0,10,1.0
32,1035,大潟,a,秋田県,26.0,2.6,11.0,10,1.0
88,0879,中甑,a,鹿児島県,26.0,2.6,11.0,10,1.0
83,0810,蒲江,a,大分県,26.0,2.6,8.0,10,1.0
20,47417,帯広,s,十勝地方,26.0,2.6,6.0,10,1.0
35,0264,狩川,a,山形県,26.0,2.6,15.0,10,1.0
20,0112,本別,a,十勝地方,26.0,2.6,5.0,10,1.0
73,1521,松山南吉田,a,愛媛県,26.0,2.6,7.0,10,1.0
74,47897,宿毛,s,高知県,26.0,2.6,5.0,10,1.0
56,0567,かほく,a,石川県,25.0,2.5,5.0,10,1.0
81,47762,下関,s,山口県,25.0,2.5,8.0,10,1.0
87,47835,油津,s,宮崎県,25.0,2.5,9.0,10,1.0
68,47755,浜田,s,島根県,25.0,2.5,7.0,10,1.0
63,1337,南淡,a,兵庫県,25.0,2.5,9.0,10,1.0
50,47668,網代,s,静岡県,24.0,2.4,12.0,10,1.0
56,0973,白山河内,a,石川県,24.0,2.4,8.0,10,1.0
34,0249,鹿島台,a,宮城県,24.0,2.4,10.0,10,1.0
51,0470,豊橋,a,愛知県,24.0,2.4,7.0,10,1.0
33,0227,花巻,a,岩手県,24.0,2.4,7.0,10,1.0
34,0243,川渡,a,宮城県,23.0,2.3,8.0,10,1.0
32,0183,能代,a,秋田県,23.0,2.3,11.0,10,1.0
50,0456,松崎,a,静岡県,23.0,2.3,11.0,10,1.0
54,0518,両津,a,新潟県,23.0,2.3,12.0,10,1.0
74,1249,後免,a,高知県,23.0,2.3,6.0,10,1.0
32,1131,阿仁合,a,秋田県,22.0,2.2,7.0,10,1.0
52,1313,黒川,a,岐阜県,22.0,2.2,10.0,10,1.0
87,0872,串間,a,宮崎県,22.0,2.2,6.0,10,1.0
36,0297,只見,a,福島県,22.0,2.2,6.0,10,1.0
17,0079,美幌,a,網走・北見・紋別地方,21.0,2.1,9.0,10,1.0
32,1511,雄和,a,秋田県,21.0,2.1,11.0,10,1.0
33,1128,紫波,a,岩手県,21.0,2.1,6.0,10,1.0
17,0082,津別,a,網走・北見・紋別地方,21.0,2.1,8.0,10,1.0
81,0772,豊田,a,山口県,21.0,2.1,8.0,10,1.0
87,0859,高鍋,a,宮崎県,21.0,2.1,9.0,10,1.0
33,1033,山田,a,岩手県,21.0,2.1,8.0,10,1.0
44,0370,江戸川臨海,a,東京都,21.0,2.1,9.0,10,1.0
17,0070,佐呂間,a,網走・北見・紋別地方,20.0,2.0,6.0,10,1.0
17,1209,境野,a,網走・北見・紋別地方,20.0,2.0,8.0,10,1.0
31,0164,五所川原,a,青森県,20.0,2.0,9.0,10,1.0
36,1129,川内,a,福島県,20.0,2.0,9.0,10,1.0
50,0457,稲取,a,静岡県,19.0,1.9,8.0,10,1.0
88,47823,阿久根,s,鹿児島県,19.0,1.9,5.0,10,1.0
33,47585,宮古,s,岩手県,19.0,1.9,6.0,10,1.0
49,1023,大泉,a,山梨県,19.0,1.9,4.0,10,1.0
17,1460,女満別,a,網走・北見・紋別地方,19.0,1.9,7.0,10,1.0
35,1040,鼠ケ関,a,山形県,19.0,1.9,8.0,10,1.0
54,0995,粟島,a,新潟県,19.0,1.9,10.0,10,1.0
12,1190,上富良野,a,上川地方,19.0,1.9,8.0,10,1.0
32,1463,脇神,a,秋田県,19.0,1.9,6.0,10,1.0
71,1242,蒲生田,a,徳島県,19.0,1.9,7.0,10,1.0
33,47512,大船渡,s,岩手県,19.0,1.9,9.0,10,1.0
20,0117,池田,a,十勝地方,19.0,1.9,7.0,10,1.0
87,1135,古江,a,宮崎県,19.0,1.9,8.0,10,1.0
64,0630,針,a,奈良県,19.0,1.9,7.0,10,1.0
34,1030,塩釜,a,宮城県,19.0,1.9,9.0,10,1.0
20,1286,糠内,a,十勝地方,19.0,1.9,6.0,10,1.0
20,0115,芽室,a,十勝地方,18.0,1.8,5.0,10,1.0
54,47602,相川,s,新潟県,18.0,1.8,9.0,10,1.0
36,1034,広野,a,福島県,18.0,1.8,4.0,10,1.0
46,1443,辻堂,a,神奈川県,18.0,1.8,5.0,10,1.0
50,1244,磐田,a,静岡県,18.0,1.8,7.0,10,1.0
32,1050,大正寺,a,秋田県,18.0,1.8,9.0,10,1.0
63,0625,明石,a,兵庫県,17.0,1.7,5.0,10,1.0
50,0442,富士,a,静岡県,17.0,1.7,4.0,10,1.0
12,0021,富良野,a,上川地方,17.0,1.7,7.0,10,1.0
33,0235,若柳,a,岩手県,17.0,1.7,6.0,10,1.0
34,0247,古川,a,宮城県,17.0,1.7,7.0,10,1.0
73,0739,長浜,a,愛媛県,17.0,1.7,3.0,10,1.0
32,0192,岩見三内,a,秋田県,17.0,1.7,8.0,10,1.0
35,0910,向町,a,山形県,17.0,1.7,6.0,10,1.0
50,1335,菊川牧之原,a,静岡県,17.0,1.7,7.0,10,1.0
32,0199,にかほ,a,秋田県,16.0,1.6,8.0,10,1.0
17,0069,遠軽,a,網走・北見・紋別地方,16.0,1.6,8.0,10,1.0
35,1039,尾花沢,a,山形県,15.0,1.5,5.0,10,1.0
51,1555,セントレア,a,愛知県,15.0,1.5,5.0,10,1.0
55,0553,上市,a,富山県,15.0,1.5,3.0,10,1.0
31,47575,青森,s,青森県,15.0,1.5,9.0,10,1.0
12,47407,旭川,s,上川地方,15.0,1.5,10.0,10,1.0
31,0169,三沢,a,青森県,15.0,1.5,7.0,10,1.0
34,1464,名取,a,宮城県,15.0,1.5,3.0,10,1.0
33,0209,久慈,a,岩手県,15.0,1.5,6.0,10,1.0
36,0294,船引,a,福島県,14.0,1.4,9.0,10,1.0
32,0185,鹿角,a,秋田県,14.0,1.4,5.0,10,1.0
17,0066,滝上,a,網走・北見・紋別地方,14.0,1.4,6.0,10,1.0
17,0072,生田原,a,網走・北見・紋別地方,14.0,1.4,4.0,10,1.0
88,1296,喜界島,a,鹿児島県,14.0,1.4,8.0,10,1.0
32,0202,湯沢,a,秋田県,14.0,1.4,8.0,10,1.0
33,1123,普代,a,岩手県,14.0,1.4,6.0,10,1.0
36,1293,茂庭,a,福島県,14.0,1.4,7.0,10,1.0
35,0260,差首鍋,a,山形県,14.0,1.4,4.0,10,1.0
84,47800,厳原,s,長崎県,14.0,1.4,5.0,10,1.0
12,1184,東川,a,上川地方,14.0,1.4,9.0,10,1.0
88,47909,名瀬,s,鹿児島県,14.0,1.4,13.0,10,1.0
84,1479,上大津,a,長崎県,14.0,1.4,14.0,10,1.0
13,1217,達布,a,留萌地方,14.0,1.4,10.0,10,1.0
88,1136,田代,a,鹿児島県,14.0,1.4,11.0,10,1.0
32,0200,矢島,a,秋田県,13.0,1.3,5.0,10,1.0
48,1022,南木曽,a,長野県,13.0,1.3,6.0,10,1.0
34,0242,気仙沼,a,宮城県,13.0,1.3,7.0,10,1.0
48,1300,立科,a,長野県,13.0,1.3,3.0,10,1.0
33,0206,軽米,a,岩手県,13.0,1.3,6.0,10,1.0
45,47672,館山,s,千葉県,13.0,1.3,6.0,10,1.0
88,47831,枕崎,s,鹿児島県,13.0,1.3,8.0,10,1.0
34,47592,石巻,s,宮城県,13.0,1.3,6.0,10,1.0
44,0365,小河内,a,東京都,13.0,1.3,4.0,10,1.0
20,1204,駒場,a,十勝地方,13.0,1.3,4.0,10,1.0
34,1626,女川,a,宮城県,13.0,1.3,6.0,10,1.0
86,0833,南小国,a,熊本県,12.0,1.2,3.0,10,1.0
31,0175,碇ケ関,a,青森県,12.0,1.2,6.0,10,1.0
31,47581,八戸,s,青森県,12.0,1.2,8.0,10,1.0
56,1544,三井,a,石川県,12.0,1.2,3.0,10,1.0
42,1019,みなかみ,a,群馬県,12.0,1.2,6.0,10,1.0
40,1011,日立,a,茨城県,12.0,1.2,4.0,10,1.0
20,0118,浦幌,a,十勝地方,12.0,1.2,4.0,10,1.0
91,1354,波照間,a,沖縄県,12.0,1.2,5.0,10,1.0
81,0779,安下庄,a,山口県,12.0,1.2,8.0,10,1.0
71,1252,京上,a,徳島県,12.0,1.2,7.0,10,1.0
20,1211,更別,a,十勝地方,11.0,1.1,3.0,10,1.0
17,0075,小清水,a,網走・北見・紋別地方,11.0,1.1,6.0,10,1.0
36,1044,金山,a,福島県,11.0,1.1,9.0,10,1.0
36,47597,白河,s,福島県,11.0,1.1,3.0,10,1.0
74,0756,須崎,a,高知県,11.0,1.1,5.0,10,1.0
52,1308,河合,a,岐阜県,11.0,1.1,3.0,10,1.0
91,47936,那覇,s,沖縄県,10.0,1.0,8.0,10,1.0
84,1670,脇岬,a,長崎県,10.0,2.0,4.0,5,0.5
17,0076,斜里,a,網走・北見・紋別地方,10.0,1.0,5.0,10,1.0
36,47598,小名浜,s,福島県,10.0,1.0,5.0,10,1.0
54,0540,能生,a,新潟県,10.0,1.0,3.0,10,1.0
83,0796,武蔵,a,大分県,10.0,1.0,3.0,10,1.0
33,1628,新町,a,岩手県,10.0,1.6666666666666667,5.0,6,0.6
36,0301,南郷,a,福島県,10.0,1.0,8.0,10,1.0
17,0068,常呂,a,網走・北見・紋別地方,9.0,0.9,3.0,10,1.0
15,47413,岩見沢,s,空知地方,9.0,0.9,4.0,10,1.0
68,1321,弥栄,a,島根県,9.0,0.9,2.0,10,1.0
12,1191,江丹別,a,上川地方,9.0,0.9,9.0,10,1.0
33,1219,山形,a,岩手県,9.0,0.9,5.0,10,1.0
40,1661,常総,a,茨城県,9.0,3.0,5.0,3,0.3
74,0755,安芸,a,高知県,9.0,0.9,3.0,10,1.0
86,1660,南阿蘇,a,熊本県,9.0,0.9,4.0,10,1.0
32,0194,田沢湖,a,秋田県,9.0,0.9,3.0,10,1.0
68,1307,海士,a,島根県,9.0,0.9,2.0,10,1.0
74,1476,南国日章,a,高知県,9.0,0.9,3.0,10,1.0
33,1032,好摩,a,岩手県,9.0,0.9,4.0,10,1.0
36,1633,新地,a,福島県,8.0,1.3333333333333333,5.0,6,0.6
14,47412,札幌,s,石狩地方,8.0,0.8,3.0,10,1.0
20,0113,新得,a,十勝地方,8.0,0.8,3.0,10,1.0
34,1630,桃生,a,宮城県,8.0,1.3333333333333333,3.0,6,0.6
46,0392,三浦,a,神奈川県,8.0,0.8,3.0,10,1.0
91,1534,北原,a,沖縄県,8.0,0.8,5.0,10,1.0
12,1047,朝日,a,上川地方,8.0,0.8,5.0,10,1.0
14,0031,山口,a,石狩地方,8.0,0.8,3.0,10,1.0
88,1542,天城,a,鹿児島県,8.0,0.8,6.0,10,1.0
12,1048,比布,a,上川地方,8.0,0.8,5.0,10,1.0
15,0999,月形,a,空知地方,8.0,0.8,5.0,10,1.0
91,1482,安次嶺,a,沖縄県,8.0,0.8,8.0,10,1.0
41,1334,塩谷,a,栃木県,8.0,0.8,5.0,10,1.0
20,1510,帯広泉,a,十勝地方,7.0,0.7,3.0,10,1.0
33,1212,小本,a,岩手県,7.0,0.7,4.0,10,1.0
91,47917,西表島,s,沖縄県,7.0,0.7,6.0,10,1.0
15,0043,芦別,a,空知地方,7.0,0.7,5.0,10,1.0
41,0329,黒磯,a,栃木県,7.0,0.7,2.0,10,1.0
31,0172,十和田,a,青森県,7.0,0.7,3.0,10,1.0
48,0424,飯島,a,長野県,7.0,0.7,4.0,10,1.0
50,1338,井川,a,静岡県,7.0,0.7,5.0,10,1.0
33,0221,雫石,a,岩手県,7.0,0.7,4.0,10,1.0
88,1146,輝北,a,鹿児島県,7.0,0.7,4.0,10,1.0
34,0251,新川,a,宮城県,7.0,0.7,5.0,10,1.0
91,1491,仲筋,a,沖縄県,7.0,0.7,7.0,10,1.0
52,1306,白川,a,岐阜県,6.0,0.6,2.0,10,1.0
14,0030,新篠津,a,石狩地方,6.0,0.6,2.0,10,1.0
17,47409,網走,s,網走・北見・紋別地方,6.0,0.6,1.0,10,1.0
31,0167,黒石,a,青森県,6.0,0.6,4.0,10,1.0
15,1287,空知吉野,a,空知地方,6.0,0.6,6.0,10,1.0
87,1348,鞍岡,a,宮崎県,6.0,0.6,2.0,10,1.0
12,1055,和寒,a,上川地方,6.0,0.6,4.0,10,1.0
84,47843,福江,s,長崎県,6.0,0.6,2.0,10,1.0
63,0624,家島,a,兵庫県,6.0,0.6,4.0,10,1.0
65,1589,南紀白浜,a,和歌山県,6.0,0.6,2.0,10,1.0
12,1053,幌加内,a,上川地方,6.0,0.6,6.0,10,1.0
74,1351,本川,a,高知県,6.0,0.6,3.0,10,1.0
15,0047,長沼,a,空知地方,6.0,0.6,2.0,10,1.0
17,0077,留辺蘂,a,網走・北見・紋別地方,6.0,0.6,3.0,10,1.0
20,0114,鹿追,a,十勝地方,6.0,0.6,2.0,10,1.0
91,1147,伊是名,a,沖縄県,6.0,0.6,3.0,10,1.0
15,0038,石狩沼田,a,空知地方,6.0,0.6,4.0,10,1.0
54,1514,秋津,a,新潟県,6.0,1.2,3.0,5,0.5
32,0186,湯瀬,a,秋田県,6.0,0.6,3.0,10,1.0
15,0041,滝川,a,空知地方,5.0,0.5,3.0,10,1.0
91,1251,大原,a,沖縄県,5.0,0.5,4.0,10,1.0
12,1280,麓郷,a,上川地方,5.0,0.5,3.0,10,1.0
35,1291,飛島,a,山形県,5.0,0.5,4.0,10,1.0
33,0207,二戸,a,岩手県,5.0,0.5,2.0,10,1.0
83,0799,湯布院,a,大分県,5.0,0.5,3.0,10,1.0
91,47929,久米島,s,沖縄県,5.0,0.5,4.0,10,1.0
51,0982,稲武,a,愛知県,5.0,0.5,2.0,10,1.0
91,47918,石垣島,s,沖縄県,5.0,0.5,4.0,10,1.0
91,1483,鏡原,a,沖縄県,5.0,0.5,3.0,10,1.0
19,0095,中徹別,a,釧路地方,5.0,0.5,2.0,10,1.0
20,0101,陸別,a,十勝地方,5.0,0.5,2.0,10,1.0
22,0137,新和,a,日高地方,5.0,0.5,3.0,10,1.0
81,0769,秋吉台,a,山口県,5.0,0.5,2.0,10,1.0
48,0399,大町,a,長野県,5.0,0.5,3.0,10,1.0
34,0257,亘理,a,宮城県,4.0,0.4,1.0,10,1.0
12,0011,士別,a,上川地方,4.0,0.4,4.0,10,1.0
40,0315,北茨城,a,茨城県,4.0,0.4,2.0,10,1.0
32,1036,男鹿,a,秋田県,4.0,0.4,2.0,10,1.0
48,1666,木祖薮原,a,長野県,4.0,0.5714285714285714,2.0,7,0.7
11,1051,中頓別,a,宗谷地方,4.0,0.4,3.0,10,1.0
19,0090,川湯,a,釧路地方,4.0,0.4,2.0,10,1.0
66,1330,千屋,a,岡山県,4.0,0.4,3.0,10,1.0
18,0088,別海,a,根室地方,4.0,0.4,2.0,10,1.0
33,0214,岩手松尾,a,岩手県,4.0,0.4,2.0,10,1.0
48,0413,木曽平沢,a,長野県,4.0,1.0,3.0,4,0.4
17,47435,紋別,s,網走・北見・紋別地方,4.0,0.4,3.0,10,1.0
88,1520,笠利,a,鹿児島県,4.0,0.4,3.0,10,1.0
84,1441,野母崎,a,長崎県,4.0,0.6666666666666666,2.0,6,0.6
84,0817,大瀬戸,a,長崎県,4.0,0.6666666666666666,2.0,6,0.6
91,1490,下地島,a,沖縄県,4.0,0.4,3.0,10,1.0
20,0107,上士幌,a,十勝地方,4.0,0.4,1.0,10,1.0
50,0441,御殿場,a,静岡県,4.0,0.4,1.0,10,1.0
52,1061,栃尾,a,岐阜県,4.0,0.4,3.0,10,1.0
31,1119,市浦,a,青森県,4.0,0.4,3.0,10,1.0
15,0044,美唄,a,空知地方,4.0,0.4,3.0,10,1.0
22,1202,日高,a,日高地方,4.0,0.4,2.0,10,1.0
12,0010,下川,a,上川地方,4.0,0.4,3.0,10,1.0
12,1458,東神楽,a,上川地方,3.0,0.3,3.0,10,1.0
12,0008,名寄,a,上川地方,3.0,0.3,2.0,10,1.0
12,0006,美深,a,上川地方,3.0,0.3,2.0,10,1.0
91,1639,盛山,a,沖縄県,3.0,0.3,2.0,10,1.0
12,1052,美瑛,a,上川地方,3.0,0.3,3.0,10,1.0
68,1320,赤名,a,島根県,3.0,0.3,2.0,10,1.0
12,1197,音威子府,a,上川地方,3.0,0.3,3.0,10,1.0
33,0205,種市,a,岩手県,3.0,0.3,2.0,10,1.0
13,1218,幌糠,a,留萌地方,3.0,0.3,3.0,10,1.0
31,0163,鰺ケ沢,a,青森県,3.0,0.3,2.0,10,1.0
88,0898,上中,a,鹿児島県,3.0,0.3,2.0,10,1.0
34,1631,東松島,a,宮城県,3.0,0.5,2.0,6,0.6
20,0121,大樹,a,十勝地方,3.0,0.3,2.0,10,1.0
18,1547,上標津,a,根室地方,3.0,0.3,1.0,10,1.0
18,1489,根室中標津,a,根室地方,3.0,0.3,1.0,10,1.0
20,1210,上札内,a,十勝地方,3.0,0.3,1.0,10,1.0
18,0086,中標津,a,根室地方,3.0,0.3,1.0,10,1.0
88,0881,溝辺,a,鹿児島県,3.0,0.3,3.0,10,1.0
54,1315,弾崎,a,新潟県,3.0,0.3,1.0,10,1.0
20,47440,広尾,s,十勝地方,3.0,0.3,1.0,10,1.0
67,1325,油木,a,広島県,3.0,0.3,3.0,10,1.0
67,1472,本郷,a,広島県,3.0,0.3,1.0,10,1.0
17,0065,湧別,a,網走・北見・紋別地方,3.0,0.3,2.0,10,1.0
49,47640,河口湖,s,山梨県,3.0,0.3,2.0,10,1.0
33,1629,陸前高田,a,岩手県,3.0,0.5,2.0,6,0.6
15,0039,深川,a,空知地方,3.0,0.3,3.0,10,1.0
14,1507,江別,a,石狩地方,3.0,0.3,2.0,10,1.0
14,1194,厚田,a,石狩地方,3.0,0.3,2.0,10,1.0
32,1043,八森,a,秋田県,3.0,0.3,2.0,10,1.0
41,1015,五十里,a,栃木県,2.0,0.2,1.0,10,1.0
31,1495,青森大谷,a,青森県,2.0,0.2,2.0,10,1.0
35,1292,大井沢,a,山形県,2.0,0.2,2.0,10,1.0
74,47898,清水,s,高知県,2.0,0.2,1.0,10,1.0
36,1634,古殿,a,福島県,2.0,0.3333333333333333,2.0,6,0.6
36,1466,玉川,a,福島県,2.0,0.2,1.0,10,1.0
44,1506,三宅坪田,a,東京都,2.0,0.2,2.0,10,1.0
11,0005,歌登,a,宗谷地方,2.0,0.2,1.0,10,1.0
91,1596,宮城島,a,沖縄県,2.0,0.2,1.0,10,1.0
19,0093,標茶,a,釧路地方,2.0,0.2,1.0,10,1.0
17,1073,西興部,a,網走・北見・紋別地方,2.0,0.2,1.0,10,1.0
12,1201,中川,a,上川地方,2.0,0.2,2.0,10,1.0
88,0899,尾之間,a,鹿児島県,2.0,0.2,2.0,10,1.0
88,0935,牧之原,a,鹿児島県,2.0,0.2,1.0,10,1.0
68,47740,西郷,s,島根県,2.0,0.2,1.0,10,1.0
88,0980,古仁屋,a,鹿児島県,2.0,0.2,2.0,10,1.0
18,0085,標津,a,根室地方,2.0,0.2,2.0,10,1.0
17,47405,雄武,s,網走・北見・紋別地方,2.0,0.2,1.0,10,1.0
88,1139,伊仙,a,鹿児島県,2.0,0.2,2.0,10,1.0
19,1187,弟子屈,a,釧路地方,2.0,0.2,1.0,10,1.0
14,1085,石狩,a,石狩地方,2.0,0.2,2.0,10,1.0
91,1517,北大東,a,沖縄県,2.0,0.2,2.0,10,1.0
91,1494,志多阿原,a,沖縄県,2.0,0.4,1.0,5,0.5
88,47836,屋久島,s,鹿児島県,2.0,0.2,1.0,10,1.0
67,0947,高野,a,広島県,1.0,0.1,1.0,10,1.0
54,0543,津南,a,新潟県,1.0,0.1,1.0,10,1.0
63,0977,兎和野高原,a,兵庫県,1.0,0.1,1.0,10,1.0
54,0998,関山,a,新潟県,1.0,0.1,1.0,10,1.0
65,47778,潮岬,s,和歌山県,1.0,0.1,1.0,10,1.0
50,47655,御前崎,s,静岡県,1.0,0.1,1.0,10,1.0
17,0981,宇登呂,a,網走・北見・紋別地方,1.0,0.1,1.0,10,1.0
91,1145,伊原間,a,沖縄県,1.0,0.1,1.0,10,1.0
91,0909,糸数,a,沖縄県,1.0,0.1,1.0,10,1.0
88,47837,種子島,s,鹿児島県,1.0,0.1,1.0,10,1.0
15,1674,秩父別,a,空知地方,1.0,0.25,1.0,4,0.4
45,47648,銚子,s,千葉県,1.0,0.1,1.0,10,1.0
16,0051,美国,a,後志地方,1.0,0.1,1.0,10,1.0
16,0054,共和,a,後志地方,1.0,0.1,1.0,10,1.0
44,47678,八丈島,s,東京都,1.0,0.1,1.0,10,1.0
16,0055,蘭越,a,後志地方,1.0,0.1,1.0,10,1.0
44,47675,大島,s,東京都,1.0,0.1,1.0,10,1.0
33,0211,葛巻,a,岩手県,1.0,0.1,1.0,10,1.0
44,1468,八重見ヶ原,a,東京都,1.0,0.1,1.0,10,1.0
33,0231,遠野,a,岩手県,1.0,0.1,1.0,10,1.0
16,47411,小樽,s,後志地方,1.0,0.1,1.0,10,1.0
84,1478,石田,a,長崎県,1.0,0.1,1.0,10,1.0
88,1540,中之島,a,鹿児島県,1.0,0.1,1.0,10,1.0
84,1453,鰐浦,a,長崎県,1.0,0.1,1.0,10,1.0
41,1333,今市,a,栃木県,1.0,0.14285714285714285,1.0,7,0.7
84,1144,芦辺,a,長崎県,1.0,0.1,1.0,10,1.0
33,1120,荒屋,a,岩手県,1.0,0.1,1.0,10,1.0
17,1487,紋別小向,a,網走・北見・紋別地方,1.0,0.1,1.0,10,1.0
40,1635,高萩,a,茨城県,1.0,0.3333333333333333,1.0,3,0.3
19,0091,阿寒湖畔,a,釧路地方,1.0,0.1,1.0,10,1.0
19,1186,鶴居,a,釧路地方,1.0,0.1,1.0,10,1.0
36,0303,田島,a,福島県,1.0,0.1,1.0,10,1.0
19,1195,榊町,a,釧路地方,1.0,0.1,1.0,10,1.0
15,0049,夕張,a,空知地方,1.0,0.1,1.0,10,1.0
87,0868,青島,a,宮崎県,1.0,0.5,1.0,2,0.2
12,1188,幾寅,a,上川地方,1.0,0.1,1.0,10,1.0
48,47620,諏訪,s,長野県,1.0,0.1,1.0,10,1.0
23,47430,函館,s,渡島地方,1.0,0.1,1.0,10,1.0
91,47940,名護,s,沖縄県,1.0,0.1,1.0,10,1.0
91,47912,与那国島,s,沖縄県,1.0,0.1,1.0,10,1.0
68,1473,西郷岬,a,島根県,1.0,0.1,1.0,10,1.0
12,0015,上川,a,上川地方,1.0,0.1,1.0,10,1.0
24,1200,鶉,a,檜山地方,1.0,0.1,1.0,10,1.0
69,1304,茶屋,a,鳥取県,1.0,0.1,1.0,10,1.0
12,1185,志比内,a,上川地方,1.0,0.1,1.0,10,1.0
31,47576,むつ,s,青森県,1.0,0.1,1.0,10,1.0
91,1515,粟国,a,沖縄県,1.0,0.2,1.0,5,0.5
91,1493,所野,a,沖縄県,1.0,0.1,1.0,10,1.0
20,1214,大津,a,十勝地方,1.0,0.1,1.0,10,1.0
31,0162,野辺地,a,青森県,1.0,0.1,1.0,10,1.0
86,0840,高森,a,熊本県,1.0,0.1,1.0,10,1.0
13,47406,留萌,s,留萌地方,1.0,0.1,1.0,10,1.0
31,47574,深浦,s,青森県,1.0,0.1,1.0,10,1.0
67,0671,道後山,a,広島県,0.0,,,0,0.0
87,1608,都農,a,宮崎県,0.0,,,0,0.0
88,0877,紫尾山,a,鹿児島県,0.0,,,0,0.0
66,1585,吉備中央,a,岡山県,0.0,,,0,0.0
87,1636,椎葉,a,宮崎県,0.0,,,0,0.0
87,1609,日之影,a,宮崎県,0.0,,,0,0.0
66,1584,富,a,岡山県,0.0,,,0,0.0
86,1580,宇土,a,熊本県,0.0,,,0,0.0
66,1371,恩原,a,岡山県,0.0,,,0,0.0
88,0882,八重山,a,鹿児島県,0.0,,,0,0.0
87,1164,酒谷,a,宮崎県,0.0,,,0,0.0
86,1581,一勝地,a,熊本県,0.0,,,0,0.0
87,1343,諸塚,a,宮崎県,0.0,,,0,0.0
87,1432,北方,a,宮崎県,0.0,,,0,0.0
86,1613,山都,a,熊本県,0.0,,,0,0.0
87,0865,国富,a,宮崎県,0.0,,,0,0.0
87,0864,野尻,a,宮崎県,0.0,,,0,0.0
87,0862,えびの高原,a,宮崎県,0.0,,,0,0.0
86,47821,阿蘇山,s,熊本県,0.0,0.0,0.0,2,0.2
66,1618,旭西,a,岡山県,0.0,,,0,0.0
68,0703,三隅,a,島根県,0.0,,,0,0.0
88,0888,吉ケ別府,a,鹿児島県,0.0,,,0,0.0
91,1152,渡嘉敷,a,沖縄県,0.0,0.0,0.0,10,1.0
91,47945,南大東（南大東島）,s,沖縄県,0.0,0.0,0.0,10,1.0
91,47927,宮古島,s,沖縄県,0.0,0.0,0.0,10,1.0
91,1651,渡名喜,a,沖縄県,0.0,,,0,0.0
91,1586,国頭,a,沖縄県,0.0,,,0,0.0
91,1518,旧東,a,沖縄県,0.0,0.0,0.0,10,1.0
91,1516,慶良間,a,沖縄県,0.0,0.0,0.0,5,0.5
66,0660,赤磐,a,岡山県,0.0,,,0,0.0
66,0661,陣山,a,岡山県,0.0,,,0,0.0
91,1374,東,a,沖縄県,0.0,,,0,0.0
91,1373,本部,a,沖縄県,0.0,,,0,0.0
66,0665,佐屋,a,岡山県,0.0,,,0,0.0
91,1250,川平,a,沖縄県,0.0,,,0,0.0
66,0666,矢掛,a,岡山県,0.0,,,0,0.0
91,1248,城辺,a,沖縄県,0.0,,,0,0.0
91,0907,胡屋,a,沖縄県,0.0,,,0,0.0
88,0897,中種子,a,鹿児島県,0.0,0.0,0.0,10,1.0
91,0906,読谷,a,沖縄県,0.0,,,0,0.0
91,0901,奥,a,沖縄県,0.0,0.0,0.0,10,1.0
88,47942,沖永良部,s,鹿児島県,0.0,0.0,0.0,10,1.0
88,1658,平島,a,鹿児島県,0.0,,,0,0.0
88,1655,小宝島,a,鹿児島県,0.0,,,0,0.0
88,1654,諏訪之瀬島,a,鹿児島県,0.0,,,0,0.0
88,1647,宝島,a,鹿児島県,0.0,,,0,0.0
86,1368,五木,a,熊本県,0.0,,,0,0.0
88,1277,与論島,a,鹿児島県,0.0,0.0,0.0,10,1.0
66,0929,下呰部,a,岡山県,0.0,,,0,0.0
88,1161,佐多,a,鹿児島県,0.0,,,0,0.0
88,1149,大隅,a,鹿児島県,0.0,,,0,0.0
88,0934,出水,a,鹿児島県,0.0,,,0,0.0
66,1328,上長田,a,岡山県,0.0,0.0,0.0,10,1.0
86,1435,山江,a,熊本県,0.0,,,0,0.0
85,1667,大町,a,佐賀県,0.0,,,0,0.0
86,1240,阿蘇乙姫,a,熊本県,0.0,0.0,0.0,10,1.0
67,1579,都志見,a,広島県,0.0,,,0,0.0
73,0742,獅子越峠,a,愛媛県,0.0,,,0,0.0
73,0743,八幡浜,a,愛媛県,0.0,,,0,0.0
73,1260,富郷,a,愛媛県,0.0,,,0,0.0
73,1456,瀬戸,a,愛媛県,0.0,0.0,0.0,10,1.0
67,1603,安宿,a,広島県,0.0,,,0,0.0
67,1583,美土里,a,広島県,0.0,,,0,0.0
67,1582,君田,a,広島県,0.0,,,0,0.0
67,1575,佐伯湯来,a,広島県,0.0,,,0,0.0
73,0738,成就社,a,愛媛県,0.0,,,0,0.0
74,0747,繁藤,a,高知県,0.0,,,0,0.0
74,0748,佐川,a,高知県,0.0,,,0,0.0
74,0753,鳥形山,a,高知県,0.0,,,0,0.0
74,0754,船戸,a,高知県,0.0,,,0,0.0
74,0757,佐喜浜,a,高知県,0.0,,,0,0.0
74,0761,大正,a,高知県,0.0,,,0,0.0
74,0955,田野,a,高知県,0.0,,,0,0.0
73,0740,中山,a,愛媛県,0.0,,,0,0.0
73,0737,上林,a,愛媛県,0.0,,,0,0.0
86,1086,湯前横谷,a,熊本県,0.0,,,0,0.0
69,1178,若桜,a,鳥取県,0.0,,,0,0.0
68,1093,桜江,a,島根県,0.0,,,0,0.0
68,1095,伯太,a,島根県,0.0,,,0,0.0
68,1175,波佐,a,島根県,0.0,,,0,0.0
68,1176,匹見,a,島根県,0.0,,,0,0.0
68,1336,福光,a,島根県,0.0,,,0,0.0
69,0716,大山,a,鳥取県,0.0,,,0,0.0
69,1177,関金,a,鳥取県,0.0,,,0,0.0
69,1385,佐治,a,鳥取県,0.0,,,0,0.0
73,0733,玉川,a,愛媛県,0.0,,,0,0.0
69,1389,江尾,a,鳥取県,0.0,,,0,0.0
69,1391,鹿野,a,鳥取県,0.0,,,0,0.0
71,1098,福原旭,a,徳島県,0.0,,,0,0.0
71,1327,半田,a,徳島県,0.0,,,0,0.0
71,1677,東祖谷,a,徳島県,0.0,0.0,0.0,1,0.1
68,0696,大東,a,島根県,0.0,,,0,0.0
72,0731,竜王山,a,香川県,0.0,,,0,0.0
74,1179,池川,a,高知県,0.0,,,0,0.0
74,1281,魚梁瀬,a,高知県,0.0,,,0,0.0
74,1556,三崎,a,高知県,0.0,,,0,0.0
84,47805,平戸,s,長崎県,0.0,0.0,0.0,10,1.0
83,1554,椿ヶ鼻,a,大分県,0.0,,,0,0.0
84,0818,長浦岳,a,長崎県,0.0,,,0,0.0
84,0820,諫早,a,長崎県,0.0,,,0,0.0
84,1535,小値賀,a,長崎県,0.0,0.0,0.0,5,0.5
67,0686,竹原,a,広島県,0.0,0.0,0.0,10,1.0
84,1536,頭ヶ島,a,長崎県,0.0,0.0,0.0,5,0.5
84,1538,美津島,a,長崎県,0.0,0.0,0.0,10,1.0
84,47818,雲仙岳,s,長崎県,0.0,0.0,0.0,10,1.0
74,47899,室戸岬,s,高知県,0.0,0.0,0.0,10,1.0
85,1612,鳥栖,a,佐賀県,0.0,,,0,0.0
85,1616,北山,a,佐賀県,0.0,,,0,0.0
68,0954,佐田,a,島根県,0.0,,,0,0.0
86,0925,多良木,a,熊本県,0.0,,,0,0.0
67,0680,内黒山,a,広島県,0.0,,,0,0.0
67,0679,上下,a,広島県,0.0,,,0,0.0
86,0946,田浦,a,熊本県,0.0,,,0,0.0
83,0979,耶馬渓,a,大分県,0.0,,,0,0.0
67,0690,倉橋,a,広島県,0.0,,,0,0.0
83,0933,臼杵,a,大分県,0.0,,,0,0.0
83,0801,佐賀関,a,大分県,0.0,,,0,0.0
67,1262,八幡,a,広島県,0.0,,,0,0.0
67,1257,王泊,a,広島県,0.0,,,0,0.0
67,1163,志和,a,広島県,0.0,,,0,0.0
81,1100,羅漢山,a,山口県,0.0,,,0,0.0
81,1261,和田,a,山口県,0.0,,,0,0.0
81,1367,篠生,a,山口県,0.0,,,0,0.0
81,1620,東厚保,a,山口県,0.0,,,0,0.0
82,0789,英彦山,a,福岡県,0.0,,,0,0.0
82,0791,耳納山,a,福岡県,0.0,,,0,0.0
82,0945,柳川,a,福岡県,0.0,,,0,0.0
67,0949,甲田,a,広島県,0.0,,,0,0.0
82,1611,早良脇山,a,福岡県,0.0,,,0,0.0
82,1637,東谷,a,福岡県,0.0,,,0,0.0
67,0948,東城,a,広島県,0.0,,,0,0.0
82,1657,小呂島,a,福岡県,0.0,,,0,0.0
81,1614,鹿野,a,山口県,0.0,,,0,0.0
11,0002,沓形,a,宗谷地方,0.0,0.0,0.0,10,1.0
65,1172,色川,a,和歌山県,0.0,,,0,0.0
24,47428,江差,s,檜山地方,0.0,0.0,0.0,10,1.0
31,0174,大鰐,a,青森県,0.0,,,0,0.0
31,0177,休屋,a,青森県,0.0,0.0,0.0,10,1.0
31,1026,今別,a,青森県,0.0,0.0,0.0,10,1.0
31,1027,六ケ所,a,青森県,0.0,0.0,0.0,10,1.0
31,1041,大間,a,青森県,0.0,0.0,0.0,10,1.0
31,1042,大和山,a,青森県,0.0,,,0,0.0
31,1079,酸ケ湯,a,青森県,0.0,0.0,0.0,10,1.0
31,1108,岳,a,青森県,0.0,,,0,0.0
31,1122,小田野沢,a,青森県,0.0,0.0,0.0,10,1.0
31,1124,脇野沢,a,青森県,0.0,0.0,0.0,10,1.0
31,1183,七戸,a,青森県,0.0,,,0,0.0
31,1272,戸来,a,青森県,0.0,,,0,0.0
31,1406,温川,a,青森県,0.0,,,0,0.0
31,1559,湯野川,a,青森県,0.0,,,0,0.0
32,0181,陣場,a,秋田県,0.0,,,0,0.0
32,0204,湯の岱,a,秋田県,0.0,0.0,0.0,10,1.0
32,1109,東成瀬,a,秋田県,0.0,,,0,0.0
32,1115,比立内,a,秋田県,0.0,,,0,0.0
32,1167,鎧畑,a,秋田県,0.0,,,0,0.0
32,1273,藤里,a,秋田県,0.0,,,0,0.0
32,1278,桧木内,a,秋田県,0.0,,,0,0.0
31,0160,蟹田,a,青森県,0.0,0.0,0.0,10,1.0
24,1513,米岡,a,檜山地方,0.0,0.0,0.0,10,1.0
32,1407,笹子,a,秋田県,0.0,,,0,0.0
24,1205,石崎,a,檜山地方,0.0,,,0,0.0
22,1288,中杵臼,a,日高地方,0.0,0.0,0.0,10,1.0
22,1340,えりも岬,a,日高地方,0.0,0.0,0.0,10,1.0
22,1430,旭,a,日高地方,0.0,,,0,0.0
22,47426,浦河,s,日高地方,0.0,0.0,0.0,10,1.0
23,0143,長万部,a,渡島地方,0.0,0.0,0.0,10,1.0
23,0144,八雲,a,渡島地方,0.0,0.0,0.0,10,1.0
23,0145,森,a,渡島地方,0.0,0.0,0.0,10,1.0
23,0146,大沼,a,渡島地方,0.0,,,0,0.0
23,0147,川汲,a,渡島地方,0.0,0.0,0.0,10,1.0
23,0148,北斗,a,渡島地方,0.0,0.0,0.0,10,1.0
23,0152,松前,a,渡島地方,0.0,0.0,0.0,10,1.0
23,0155,熊石,a,渡島地方,0.0,0.0,0.0,10,1.0
23,0917,木古内,a,渡島地方,0.0,0.0,0.0,10,1.0
23,1265,千軒,a,渡島地方,0.0,,,0,0.0
23,1462,高松,a,渡島地方,0.0,0.0,0.0,10,1.0
23,1543,戸井泊,a,渡島地方,0.0,,,0,0.0
23,1552,知内,a,渡島地方,0.0,,,0,0.0
24,0153,せたな,a,檜山地方,0.0,0.0,0.0,10,1.0
24,0154,今金,a,檜山地方,0.0,0.0,0.0,10,1.0
24,0156,潮見,a,檜山地方,0.0,,,0,0.0
24,1199,奥尻,a,檜山地方,0.0,0.0,0.0,10,1.0
32,1289,八幡平,a,秋田県,0.0,0.0,0.0,10,1.0
32,1408,藤原,a,秋田県,0.0,,,0,0.0
22,1264,幌満,a,日高地方,0.0,,,0,0.0
34,1290,江ノ島,a,宮城県,0.0,0.0,0.0,6,0.6
34,1365,泉ケ岳,a,宮城県,0.0,,,0,0.0
34,1526,鴬沢,a,宮城県,0.0,,,0,0.0
34,1561,加美,a,宮城県,0.0,,,0,0.0
34,1632,岩沼,a,宮城県,0.0,,,0,0.0
35,0266,瀬見,a,山形県,0.0,,,0,0.0
35,0268,櫛引,a,山形県,0.0,,,0,0.0
35,1038,上草津,a,山形県,0.0,,,0,0.0
35,1125,肘折,a,山形県,0.0,0.0,0.0,10,1.0
35,1357,荒沢,a,山形県,0.0,,,0,0.0
35,1372,中津川,a,山形県,0.0,,,0,0.0
35,1562,上山中山,a,山形県,0.0,,,0,0.0
35,1664,酒田大沢,a,山形県,0.0,,,0,0.0
36,0288,原町,a,福島県,0.0,,,0,0.0
36,0290,猪苗代,a,福島県,0.0,0.0,0.0,10,1.0
36,0300,富岡,a,福島県,0.0,,,0,0.0
36,0310,平,a,福島県,0.0,,,0,0.0
36,1116,鷲倉,a,福島県,0.0,0.0,0.0,10,1.0
36,1130,飯舘,a,福島県,0.0,0.0,0.0,10,1.0
36,1150,津島,a,福島県,0.0,,,0,0.0
36,1268,長沼,a,福島県,0.0,,,0,0.0
36,1269,舘岩,a,福島県,0.0,,,0,0.0
34,1298,筆甫,a,宮城県,0.0,,,0,0.0
34,1126,駒ノ湯,a,宮城県,0.0,0.0,0.0,10,1.0
32,1422,男鹿真山,a,秋田県,0.0,,,0,0.0
34,0985,雄勝,a,宮城県,0.0,,,0,0.0
32,1425,仁別,a,秋田県,0.0,,,0,0.0
32,1652,田沢湖高原,a,秋田県,0.0,,,0,0.0
33,0226,豊沢,a,岩手県,0.0,,,0,0.0
33,0229,湯田,a,岩手県,0.0,0.0,0.0,10,1.0
33,1028,祭畤,a,岩手県,0.0,,,0,0.0
33,1037,大野,a,岩手県,0.0,,,0,0.0
33,1045,衣川,a,岩手県,0.0,,,0,0.0
33,1078,薮川,a,岩手県,0.0,0.0,0.0,10,1.0
33,1113,米里,a,岩手県,0.0,,,0,0.0
33,1118,沢内,a,岩手県,0.0,0.0,0.0,10,1.0
33,1168,葛根田,a,岩手県,0.0,,,0,0.0
33,1215,奥中山,a,岩手県,0.0,0.0,0.0,10,1.0
33,1332,下戸鎖,a,岩手県,0.0,,,0,0.0
33,1447,区界,a,岩手県,0.0,0.0,0.0,10,1.0
33,1508,大槌,a,岩手県,0.0,,,0,0.0
33,1557,大東,a,岩手県,0.0,,,0,0.0
33,1558,金ケ崎,a,岩手県,0.0,,,0,0.0
33,1560,滝沢,a,岩手県,0.0,,,0,0.0
33,1563,附馬牛,a,岩手県,0.0,,,0,0.0
33,1627,刈屋,a,岩手県,0.0,,,0,0.0
33,1653,一方井,a,岩手県,0.0,,,0,0.0
22,1276,目黒,a,日高地方,0.0,,,0,0.0
22,1198,三石,a,日高地方,0.0,0.0,0.0,10,1.0
36,1282,桧原,a,福島県,0.0,0.0,0.0,10,1.0
13,1213,焼尻,a,留萌地方,0.0,0.0,0.0,10,1.0
13,47404,羽幌,s,留萌地方,0.0,0.0,0.0,10,1.0
14,0032,手稲山,a,石狩地方,0.0,,,0,0.0
14,0034,小金湯,a,石狩地方,0.0,,,0,0.0
14,0035,恵庭島松,a,石狩地方,0.0,0.0,0.0,10,1.0
14,0037,支笏湖畔,a,石狩地方,0.0,0.0,0.0,10,1.0
14,1193,浜益,a,石狩地方,0.0,0.0,0.0,10,1.0
14,1459,千歳,a,石狩地方,0.0,0.0,0.0,10,1.0
15,1068,栗沢,a,空知地方,0.0,,,0,0.0
15,1400,浦臼,a,空知地方,0.0,,,0,0.0
15,1401,鹿島,a,空知地方,0.0,,,0,0.0
15,1402,沼の沢,a,空知地方,0.0,,,0,0.0
15,1419,新城,a,空知地方,0.0,,,0,0.0
15,1566,赤平,a,空知地方,0.0,,,0,0.0
15,1567,雨竜,a,空知地方,0.0,,,0,0.0
16,0052,余市,a,後志地方,0.0,0.0,0.0,10,1.0
16,0060,喜茂別,a,後志地方,0.0,0.0,0.0,10,1.0
16,0061,黒松内,a,後志地方,0.0,0.0,0.0,10,1.0
16,1072,真狩,a,後志地方,0.0,0.0,0.0,10,1.0
16,1091,赤井川,a,後志地方,0.0,,,0,0.0
16,1208,神恵内,a,後志地方,0.0,0.0,0.0,10,1.0
16,1615,ニセコ,a,後志地方,0.0,,,0,0.0
13,1216,初山別,a,留萌地方,0.0,0.0,0.0,10,1.0
13,1112,古丹別,a,留萌地方,0.0,,,0,0.0
16,47433,倶知安,s,後志地方,0.0,0.0,0.0,10,1.0
13,0028,増毛,a,留萌地方,0.0,0.0,0.0,10,1.0
11,1054,豊富,a,宗谷地方,0.0,0.0,0.0,10,1.0
11,1203,沼川,a,宗谷地方,0.0,0.0,0.0,10,1.0
11,1284,宗谷岬,a,宗谷地方,0.0,0.0,0.0,10,1.0
11,1285,浜鬼志別,a,宗谷地方,0.0,0.0,0.0,10,1.0
11,1512,本泊,a,宗谷地方,0.0,0.0,0.0,10,1.0
11,1528,声問,a,宗谷地方,0.0,0.0,0.0,10,1.0
11,1546,礼文,a,宗谷地方,0.0,0.0,0.0,10,1.0
11,1573,幌延,a,宗谷地方,0.0,,,0,0.0
11,47401,稚内,s,宗谷地方,0.0,0.0,0.0,10,1.0
11,47402,北見枝幸,s,宗谷地方,0.0,0.0,0.0,10,1.0
12,0009,西風連,a,上川地方,0.0,,,0,0.0
12,0017,瑞穂,a,上川地方,0.0,,,0,0.0
12,0020,白金,a,上川地方,0.0,,,0,0.0
12,1049,層雲峡,a,上川地方,0.0,,,0,0.0
12,1189,占冠,a,上川地方,0.0,0.0,0.0,10,1.0
12,1279,朱鞠内,a,上川地方,0.0,0.0,0.0,10,1.0
12,1570,小車,a,上川地方,0.0,,,0,0.0
12,1572,剣淵,a,上川地方,0.0,,,0,0.0
12,1574,金山,a,上川地方,0.0,,,0,0.0
13,0024,天塩,a,留萌地方,0.0,0.0,0.0,10,1.0
13,0025,遠別,a,留萌地方,0.0,0.0,0.0,10,1.0
16,47421,寿都,s,後志地方,0.0,0.0,0.0,10,1.0
17,0063,興部,a,網走・北見・紋別地方,0.0,0.0,0.0,10,1.0
22,1097,仁世宇,a,日高地方,0.0,,,0,0.0
20,1405,押帯,a,十勝地方,0.0,,,0,0.0
20,1410,上螺湾,a,十勝地方,0.0,,,0,0.0
20,1418,留真,a,十勝地方,0.0,,,0,0.0
20,1571,三股,a,十勝地方,0.0,,,0,0.0
21,0123,安平,a,胆振地方,0.0,,,0,0.0
21,0124,厚真,a,胆振地方,0.0,0.0,0.0,10,1.0
21,0125,穂別,a,胆振地方,0.0,0.0,0.0,10,1.0
21,0126,森野,a,胆振地方,0.0,0.0,0.0,10,1.0
21,0128,大岸,a,胆振地方,0.0,0.0,0.0,10,1.0
21,0130,白老,a,胆振地方,0.0,0.0,0.0,10,1.0
21,0131,鵡川,a,胆振地方,0.0,0.0,0.0,10,1.0
21,0132,伊達,a,胆振地方,0.0,0.0,0.0,10,1.0
21,0134,登別,a,胆振地方,0.0,0.0,0.0,10,1.0
21,1067,大滝,a,胆振地方,0.0,0.0,0.0,10,1.0
21,1329,洞爺湖温泉,a,胆振地方,0.0,,,0,0.0
21,1429,カルルス,a,胆振地方,0.0,,,0,0.0
21,1665,厚真幌内,a,胆振地方,0.0,,,0,0.0
21,47423,室蘭,s,胆振地方,0.0,0.0,0.0,10,1.0
21,47424,苫小牧,s,胆振地方,0.0,0.0,0.0,10,1.0
22,0136,日高門別,a,日高地方,0.0,0.0,0.0,10,1.0
22,0139,笹山,a,日高地方,0.0,,,0,0.0
22,0140,静内,a,日高地方,0.0,0.0,0.0,10,1.0
20,1409,柏倉,a,十勝地方,0.0,,,0,0.0
20,1404,小利別,a,十勝地方,0.0,,,0,0.0
17,0067,上藻別,a,網走・北見・紋別地方,0.0,,,0,0.0
20,0103,ぬかびら源泉郷,a,十勝地方,0.0,0.0,0.0,10,1.0
17,0073,仁頃山,a,網走・北見・紋別地方,0.0,,,0,0.0
17,1092,白滝,a,網走・北見・紋別地方,0.0,0.0,0.0,10,1.0
17,1263,東藻琴,a,網走・北見・紋別地方,0.0,,,0,0.0
17,1420,丸瀬布,a,網走・北見・紋別地方,0.0,,,0,0.0
17,1568,津別二又,a,網走・北見・紋別地方,0.0,,,0,0.0
17,1569,置戸常元,a,網走・北見・紋別地方,0.0,,,0,0.0
17,1617,山園,a,網走・北見・紋別地方,0.0,,,0,0.0
18,0084,羅臼,a,根室地方,0.0,0.0,0.0,10,1.0
18,1056,納沙布,a,根室地方,0.0,0.0,0.0,10,1.0
18,1196,厚床,a,根室地方,0.0,0.0,0.0,10,1.0
18,1266,糸櫛別,a,根室地方,0.0,,,0,0.0
18,47420,根室,s,根室地方,0.0,0.0,0.0,10,1.0
19,0096,阿寒,a,釧路地方,0.0,,,0,0.0
19,0098,白糠,a,釧路地方,0.0,0.0,0.0,10,1.0
19,1107,二俣,a,釧路地方,0.0,,,0,0.0
19,1192,太田,a,釧路地方,0.0,0.0,0.0,10,1.0
19,1283,知方学,a,釧路地方,0.0,0.0,0.0,10,1.0
19,1403,塘路,a,釧路地方,0.0,,,0,0.0
19,1417,茶内原野,a,釧路地方,0.0,,,0,0.0
19,1461,鶴丘,a,釧路地方,0.0,0.0,0.0,10,1.0
19,47418,釧路,s,釧路地方,0.0,0.0,0.0,10,1.0
36,1274,川前,a,福島県,0.0,,,0,0.0
36,1294,湯本,a,福島県,0.0,0.0,0.0,10,1.0
65,1074,本宮,a,和歌山県,0.0,,,0,0.0
53,0499,北勢,a,三重県,0.0,,,0,0.0
53,0507,名張,a,三重県,0.0,,,0,0.0
53,0511,藤坂峠,a,三重県,0.0,,,0,0.0
53,1255,宮川,a,三重県,0.0,,,0,0.0
53,1356,白山,a,三重県,0.0,,,0,0.0
53,1381,阿児,a,三重県,0.0,,,0,0.0
53,1423,御浜,a,三重県,0.0,,,0,0.0
54,0526,村松,a,新潟県,0.0,,,0,0.0
54,0530,栃尾,a,新潟県,0.0,,,0,0.0
54,1111,赤谷,a,新潟県,0.0,,,0,0.0
54,1154,小国,a,新潟県,0.0,,,0,0.0
54,1155,松代,a,新潟県,0.0,,,0,0.0
54,1256,高根,a,新潟県,0.0,,,0,0.0
54,1297,平岩,a,新潟県,0.0,,,0,0.0
54,1369,三面,a,新潟県,0.0,,,0,0.0
54,1370,大湯,a,新潟県,0.0,,,0,0.0
54,1395,塩沢,a,新潟県,0.0,,,0,0.0
54,1398,宮寄上,a,新潟県,0.0,,,0,0.0
54,1424,樽本,a,新潟県,0.0,,,0,0.0
54,1426,川谷,a,新潟県,0.0,,,0,0.0
54,1427,筒方,a,新潟県,0.0,,,0,0.0
54,1444,室谷,a,新潟県,0.0,,,0,0.0
53,0505,笠取山,a,三重県,0.0,,,0,0.0
52,1577,関市板取,a,岐阜県,0.0,,,0,0.0
55,1412,宇奈月,a,富山県,0.0,,,0,0.0
52,1438,丹生川,a,岐阜県,0.0,,,0,0.0
50,1673,熱海伊豆山,a,静岡県,0.0,0.0,0.0,4,0.4
50,47639,富士山,s,静岡県,0.0,0.0,0.0,10,1.0
11,0003,浜頓別,a,宗谷地方,0.0,0.0,0.0,10,1.0
50,47666,石廊崎,s,静岡県,0.0,0.0,0.0,10,1.0
51,0460,一宮,a,愛知県,0.0,,,0,0.0
51,0462,茶臼山,a,愛知県,0.0,,,0,0.0
51,0468,作手,a,愛知県,0.0,,,0,0.0
51,0469,一色,a,愛知県,0.0,,,0,0.0
51,0472,田原,a,愛知県,0.0,,,0,0.0
51,0983,蟹江,a,愛知県,0.0,,,0,0.0
51,1166,小原,a,愛知県,0.0,,,0,0.0
51,1576,阿蔵,a,愛知県,0.0,,,0,0.0
52,0480,船山,a,岐阜県,0.0,,,0,0.0
52,0490,伽藍,a,岐阜県,0.0,,,0,0.0
52,1059,上石津,a,岐阜県,0.0,,,0,0.0
52,1305,六厩,a,岐阜県,0.0,0.0,0.0,10,1.0
52,1311,宮之前,a,岐阜県,0.0,0.0,0.0,10,1.0
52,1384,付知,a,岐阜県,0.0,,,0,0.0
52,1387,御母衣,a,岐阜県,0.0,,,0,0.0
52,1436,ひるがの,a,岐阜県,0.0,,,0,0.0
52,1437,清見,a,岐阜県,0.0,,,0,0.0
54,1645,瓢湖,a,新潟県,0.0,,,0,0.0
55,1414,大山,a,富山県,0.0,,,0,0.0
50,1662,春野,a,静岡県,0.0,,,0,0.0
61,1671,綾部山家,a,京都府,0.0,,,0,0.0
62,0605,河内長野,a,大阪府,0.0,,,0,0.0
62,1602,茨木,a,大阪府,0.0,,,0,0.0
63,0608,温泉,a,兵庫県,0.0,,,0,0.0
63,0611,八鹿,a,兵庫県,0.0,,,0,0.0
63,0617,佐用,a,兵庫県,0.0,,,0,0.0
63,0618,後川,a,兵庫県,0.0,,,0,0.0
63,0967,大屋,a,兵庫県,0.0,,,0,0.0
63,1588,西宮,a,兵庫県,0.0,,,0,0.0
64,0631,田原本,a,奈良県,0.0,,,0,0.0
64,0632,曽爾,a,奈良県,0.0,,,0,0.0
64,0641,玉置山,a,奈良県,0.0,,,0,0.0
64,1376,葛城,a,奈良県,0.0,,,0,0.0
64,1439,吉野,a,奈良県,0.0,,,0,0.0
64,1619,天川,a,奈良県,0.0,,,0,0.0
64,1649,下北山,a,奈良県,0.0,,,0,0.0
64,1669,葛川,a,奈良県,0.0,,,0,0.0
65,0642,葛城山,a,和歌山県,0.0,,,0,0.0
65,0645,高野山,a,和歌山県,0.0,0.0,0.0,10,1.0
65,0646,護摩壇山,a,和歌山県,0.0,,,0,0.0
65,0651,日置川,a,和歌山県,0.0,,,0,0.0
65,0978,湯浅,a,和歌山県,0.0,,,0,0.0
62,0604,生駒山,a,大阪府,0.0,0.0,0.0,10,1.0
61,1641,坂浦,a,京都府,0.0,,,0,0.0
55,1455,猪谷,a,富山県,0.0,,,0,0.0
61,1383,三和,a,京都府,0.0,,,0,0.0
55,1553,五箇山,a,富山県,0.0,,,0,0.0
55,1621,立山芦峅,a,富山県,0.0,,,0,0.0
56,0562,門前,a,石川県,0.0,,,0,0.0
56,0570,医王山,a,石川県,0.0,,,0,0.0
56,1171,白山白峰,a,石川県,0.0,,,0,0.0
56,1545,宝達志水,a,石川県,0.0,,,0,0.0
56,1650,舳倉島,a,石川県,0.0,,,0,0.0
57,0974,美山,a,福井県,0.0,,,0,0.0
57,1382,九頭竜,a,福井県,0.0,,,0,0.0
57,1454,大飯,a,福井県,0.0,,,0,0.0
57,1565,武生,a,福井県,0.0,,,0,0.0
60,0584,近江八幡,a,滋賀県,0.0,,,0,0.0
60,1087,柳ケ瀬,a,滋賀県,0.0,,,0,0.0
60,1578,朽木平良,a,滋賀県,0.0,,,0,0.0
61,0588,峰山,a,京都府,0.0,,,0,0.0
61,0928,京北,a,京都府,0.0,,,0,0.0
61,0966,本庄,a,京都府,0.0,,,0,0.0
61,1025,長岡京,a,京都府,0.0,,,0,0.0
61,1160,睦寄,a,京都府,0.0,,,0,0.0
61,1378,須知,a,京都府,0.0,,,0,0.0
61,1380,綾部,a,京都府,0.0,,,0,0.0
50,1668,有東木,a,静岡県,0.0,,,0,0.0
50,1440,鍵穴,a,静岡県,0.0,,,0,0.0
36,1295,桧枝岐,a,福島県,0.0,0.0,0.0,10,1.0
42,1174,片品,a,群馬県,0.0,,,0,0.0
42,1259,黒保根,a,群馬県,0.0,,,0,0.0
43,0362,飯能,a,埼玉県,0.0,,,0,0.0
43,1000,三峰,a,埼玉県,0.0,,,0,0.0
43,1069,鴻巣,a,埼玉県,0.0,,,0,0.0
43,1159,浦山,a,埼玉県,0.0,,,0,0.0
43,1182,上吉田,a,埼玉県,0.0,,,0,0.0
43,1497,ときがわ,a,埼玉県,0.0,,,0,0.0
44,0368,世田谷,a,東京都,0.0,,,0,0.0
44,1180,小沢,a,東京都,0.0,,,0,0.0
44,1467,大島北ノ山,a,東京都,0.0,0.0,0.0,10,1.0
44,1522,新島,a,東京都,0.0,0.0,0.0,10,1.0
44,1523,神津島,a,東京都,0.0,0.0,0.0,10,1.0
44,1595,母島,a,東京都,0.0,,,0,0.0
44,1643,大島泉津,a,東京都,0.0,,,0,0.0
44,1644,大島差木地,a,東京都,0.0,,,0,0.0
44,1646,利島,a,東京都,0.0,,,0,0.0
44,1648,青ヶ島,a,東京都,0.0,,,0,0.0
44,47677,三宅島,s,東京都,0.0,0.0,0.0,10,1.0
44,47971,父島,s,東京都,0.0,0.0,0.0,10,1.0
44,47991,南鳥島,s,東京都,0.0,0.0,0.0,10,1.0
45,0377,東庄,a,千葉県,0.0,,,0,0.0
42,1222,藤原,a,群馬県,0.0,0.0,0.0,10,1.0
42,0355,藤岡,a,群馬県,0.0,,,0,0.0
45,1004,大多喜,a,千葉県,0.0,,,0,0.0
42,0349,榛名山,a,群馬県,0.0,,,0,0.0
36,1386,湖南,a,福島県,0.0,,,0,0.0
40,0314,花園,a,茨城県,0.0,,,0,0.0
40,0323,坂東,a,茨城県,0.0,,,0,0.0
40,0911,江戸崎,a,茨城県,0.0,,,0,0.0
40,1012,柿岡,a,茨城県,0.0,,,0,0.0
40,1013,美野里,a,茨城県,0.0,,,0,0.0
40,1170,中野,a,茨城県,0.0,,,0,0.0
40,1173,徳田,a,茨城県,0.0,,,0,0.0
40,1388,門井,a,茨城県,0.0,,,0,0.0
40,1421,大能,a,茨城県,0.0,,,0,0.0
41,0326,那須高原,a,栃木県,0.0,0.0,0.0,10,1.0
41,0334,高根沢,a,栃木県,0.0,,,0,0.0
41,0337,葛生,a,栃木県,0.0,,,0,0.0
41,0339,足利,a,栃木県,0.0,,,0,0.0
41,0340,栃木,a,栃木県,0.0,,,0,0.0
41,1016,足尾,a,栃木県,0.0,,,0,0.0
41,1221,土呂部,a,栃木県,0.0,0.0,0.0,10,1.0
41,1675,日光東町,a,栃木県,0.0,0.0,0.0,4,0.4
41,47690,奥日光（日光）,s,栃木県,0.0,0.0,0.0,10,1.0
42,0343,草津,a,群馬県,0.0,0.0,0.0,10,1.0
42,0348,田代,a,群馬県,0.0,0.0,0.0,10,1.0
45,0383,鋸南,a,千葉県,0.0,,,0,0.0
45,47674,勝浦,s,千葉県,0.0,0.0,0.0,10,1.0
50,1393,三倉,a,静岡県,0.0,,,0,0.0
48,1360,聖高原,a,長野県,0.0,,,0,0.0
48,1397,杉島,a,長野県,0.0,,,0,0.0
48,1411,小谷,a,長野県,0.0,,,0,0.0
48,1549,北相木,a,長野県,0.0,,,0,0.0
48,1550,白樺湖,a,長野県,0.0,,,0,0.0
48,1551,高遠,a,長野県,0.0,,,0,0.0
48,47622,軽井沢,s,長野県,0.0,0.0,0.0,10,1.0
49,0438,山中,a,山梨県,0.0,0.0,0.0,10,1.0
49,1165,上野原,a,山梨県,0.0,,,0,0.0
49,1599,乙女湖,a,山梨県,0.0,,,0,0.0
49,1640,富士川,a,山梨県,0.0,,,0,0.0
49,47639,富士山,s,山梨県,0.0,0.0,0.0,10,1.0
50,0440,白糸,a,静岡県,0.0,,,0,0.0
50,0444,越木平,a,静岡県,0.0,,,0,0.0
50,0448,高根山,a,静岡県,0.0,,,0,0.0
50,0453,湯ケ島,a,静岡県,0.0,,,0,0.0
50,0454,天城山,a,静岡県,0.0,,,0,0.0
50,0987,土肥,a,静岡県,0.0,,,0,0.0
50,0988,三ヶ日,a,静岡県,0.0,,,0,0.0
50,0989,掛川,a,静岡県,0.0,,,0,0.0
50,1105,熊,a,静岡県,0.0,,,0,0.0
50,1114,梅ケ島,a,静岡県,0.0,,,0,0.0
48,1394,大鹿,a,長野県,0.0,,,0,0.0
48,1339,阿南,a,長野県,0.0,,,0,0.0
46,0387,相模湖,a,神奈川県,0.0,,,0,0.0
48,1317,浪合,a,長野県,0.0,0.0,0.0,10,1.0
46,0390,箱根,a,神奈川県,0.0,,,0,0.0
46,1005,相模原中央,a,神奈川県,0.0,,,0,0.0
46,1006,日吉,a,神奈川県,0.0,,,0,0.0
46,1007,平塚,a,神奈川県,0.0,,,0,0.0
46,1096,丹沢湖,a,神奈川県,0.0,,,0,0.0
48,0393,野沢温泉,a,長野県,0.0,0.0,0.0,10,1.0
48,0394,信濃町,a,長野県,0.0,0.0,0.0,10,1.0
48,0396,白馬,a,長野県,0.0,0.0,0.0,10,1.0
48,0398,笠岳,a,長野県,0.0,,,0,0.0
48,0407,鹿教湯,a,長野県,0.0,,,0,0.0
48,0414,原村,a,長野県,0.0,0.0,0.0,10,1.0
48,0415,野辺山,a,長野県,0.0,0.0,0.0,10,1.0
48,0416,御嶽山,a,長野県,0.0,,,0,0.0
48,0420,宮田高原,a,長野県,0.0,,,0,0.0
48,0422,須原,a,長野県,0.0,,,0,0.0
48,0992,菅平,a,長野県,0.0,0.0,0.0,10,1.0
48,0993,東御,a,長野県,0.0,0.0,0.0,10,1.0
48,0994,上高地,a,長野県,0.0,,,0,0.0
48,1162,鬼無里,a,長野県,0.0,,,0,0.0
48,1312,奈川,a,長野県,0.0,0.0,0.0,10,1.0
48,1314,開田高原,a,長野県,0.0,0.0,0.0,10,1.0
99,89532,昭和,s,南極,0.0,0.0,0.0,10,1.0
